,index,RoomInfo,RoomName,RoomPrice
0,0,"349 Pasir Panjang Road, 3+1 Condo, immediate mo...", Pasir Panjang,"$3,200"
1,1,THE SAIL @ MARINA BAY Studio, CBD,"$2,100"
2,2,EASTERN LAGOON Studio, Marine Parade,"$2,100"
3,3,"Whole unit, Best location,", Marsiling,"$1,600"
4,4,Blk 209 Boon Lay Place Whole Unit 2+1+1 for rent, Boon Lay,"$1,500"
5,5,Whole 3 room HDB flat for rental, Potong Pasir,"$1,750"
6,6,Tampines HDB 4-room long term rental (convenien..., Tampines,"$2,400"
7,7,Best facing 4 bedroom near MRT for RENT, Ang Mo Kio,"$3,800"
8,8,658A Jurong West whole Unit for rent 3bedroom, Boon Lay,"$2,400"
9,9,2 Bedroom Condo - Orchard - No Agent Fees For T..., Orchard,"$4,200"
10,0,HDB FOR RENTAL, Clementi,"$1,800"
11,1,Renovated Forutne Park condo near kovan mrt, Hougang,"$2,500"
12,2,D'Leedon 3 Bedroom Holland & Central SG ! Luxur..., Holland Village,"$4,800"
13,3,Tampines St 21, Tampines,"$2,000"
14,4,The Floravale condo - 3 BedRoom, Jurong West,"$2,500"
15,5,Enjoy view of the sea and the city at the comfo..., CBD,"$4,400"
16,6,"☆FLOOR TO CEILING WINDOW, CONVENIENT LIVING!☆", Outram,"$3,500"
17,7,☆SPACIOUS UNIT☆, Bukit Panjang,"$3,500"
18,8,"☆IN THE HEART OF PRIME DISTRICT, EFFICIENT LAYO...", Orchard,"$2,950"
19,9,☆AN IRRESISTABLY CHARMING UNIT☆, Bukit Timah,"$6,500"
20,0,Brand new unit 1 room for rent, Queenstown,"$2,800"
21,1,HDB Executive Flat for Rental, Bukit Batok,"$2,400"
22,2,701 Tampines St 71 -5 Mins Bus Ride To MRT -3+1..., Tampines,"$2,300"
23,3,101 Simei  3bedroom, Simei,"$2,200"
24,4,Studio Apartmentment for rent 3 min. walk to MR..., Ang Mo Kio,"$1,500"
25,5,1 master bedroom and 1 common room for rental., Punggol,"$1,600"
26,6,Brand new 1 Bedroom condo for rent! Few minutes..., Bukit Panjang,"$2,000"
27,7,Whole unit in Boon Teck Apartment (near Balesti..., Balestier,"$2,780"
28,8,Very Spacious 2 brm condo near Holland Village, Holland Village,"$3,800"
29,9,Mins walk to Orchard and Great World City, River Valley,"$2,900"
30,0,Whole unit- Yew Tee, Choa Chu Kang,"$1,900"
31,1,Whole unit for rent, Bukit Batok,"$1,600"
32,2,"JALAN SUKA, JALAN SUKA,  (3RD FLR) (4 bedded fo...", Marine Parade,"$2,600"
33,3,"BAYSHORE PARK, BAYSHORE ROAD, 60	   (2 bedded f...", Siglap,"$2,600"
34,4,"RIVERSIDE 48, ROBERTSON QUAY (1 bedded for rent...", Orchard,"$3,200"
35,5,"302 GEYLANG, UBI AVENUE 1,    (1 bedded for r...", Geylang,"$1,650"
36,6,"30 BENDEMEER ROAD, BENDEMEER ROAD  (2 bedded fo...", Farrer Park,"$2,200"
37,7,"619 HOUGANG, HOUGANG AVENUE 8  (2 bedded for re...", Hougang,"$1,600"
38,8,"101 SIMEI, SIMEI STREET 1 (3 bedded for rent) ...", Simei,"$2,100"
39,9,"418 BEDOK NORTH, BEDOK NORTH AVENUE 2 (2 bedde...", Bedok,"$2,000"
40,0,Spacious 1000 sqf hi floor unit for lease, Ang Mo Kio,"$1,800"
41,1,Whole unit for rent, Jurong West,"$2,300"
42,2,"Trellis Tower, Toa Payoh – Mins to Toa Payoh MRT", Toa Payoh,"$2,200"
43,3,TeXT 9477... to view, Balestier,"$2,180"
44,4,Please text to view, Balestier,"$2,180"
45,5,4 room flat, Bedok,"$2,000"
46,6,Fully furnished and renovated Tanglin Park 2BR, Tanglin,"$5,500"
47,7,Fully Furnished & Renovated Tanglin Park 2BR, Tanglin,"$5,500"
48,8,(Brand New Condo) Near Jurong East MRT - 1/2/3/..., Jurong East,"$2,500"
49,9,[Jurong East/ Toh Guan/ IBP] - 3+1 Blk 281 Toh ..., Jurong East,"$2,400"
50,0,"125 Geylang East Avenue 1, whole flat, 3 bedroo...", Kallang,"$2,500"
51,1,Blk 133 Rivervale St/ 4 Rooms HDB/ Whole unit R..., Sengkang,"$2,300"
52,2,Condo In Novena For Rent, Novena,"$2,400"
53,3,Amber Glades For Rent, Katong,"$3,300"
54,4,The Scotts Tower for Rent, Orchard,"$4,850"
55,5,No agt fees:Approved whole 3 ng, Jurong East,"$1,900"
56,6,2 Bedroom Condo for Rent (Immediate Occupancy a..., Potong Pasir,"$2,900"
57,7,3rm Hdb, Yishun,"$1,650"
58,8,No Agent Fees Whole unit for Rent @ Woodland MRT, Marsiling,"$2,000"
59,9,One bedroom near East Coast Park, Bedok,"$1,700"
60,0,"80A TOA PAYOH, TOA PAYOH LORONG 4  (3 bedded fo...", Toa Payoh,"$2,700"
61,1,"168A QUEENSWAY, QUEENSWAY  (3 bedded for rent) ...", Queenstown,"$2,400"
62,2,HDB FOR RENTAL, Clementi,"$1,800"
63,3,"981A BUANGKOK CRESCENT, BUANGKOK CRESCENT  (3 b...", Hougang,"$2,000"
64,4,"610 ANG MO KIO, ANG MO KIO AVENUE 4, 610  (2 be...", Ang Mo Kio,"$1,800"
65,5,"20 ST GEORGE''S ROAD, ST GEORGE''S ROAD  (2 bed...", Kallang,"$2,100"
66,6,"573 ANG MO KIO, ANG MO KIO AVENUE 3 (3 bedded f...", Ang Mo Kio,"$2,400"
67,7,"PRESTIGE HEIGHTS, BALESTIER ROAD Studio for rent", Balestier,"$1,900"
68,8,Exquisite rare quiet environment! Superb locati..., Pasir Ris,"$2,000"
69,9,Fully furnished 3 bedroom apartment at 413b fer..., Sengkang,"$2,000"
70,0,2+1 Whole unit for rent 5 mins to NEX for $2199..., Serangoon,"$2,200"
71,1,562 Pasir Ris 4bedroom Whole unit for rent, Pasir Ris,"$2,300"
72,2,4+1 (EM) @ Blk 221 Bt Batok East Ave 3, Bukit Batok,"$2,500"
73,3,2+1 (Above shophouse) @ Blk 236 Yishun Ring Rd, Yishun,"$1,600"
74,4,21 Richards-Whole Unit Condo-1 Bedded, Serangoon,"$2,000"
75,5,Blk 652C whole flat renting, Jurong West,"$2,300"
76,6,"Urban Vista, Tanah Merah - Lease takeover on ur...", Bedok,"$1,850"
77,7,"785 YISHUN, YISHUN AVENUE 2  (3 bedded for rent...", Yishun,"$2,000"
78,8,"164 BISHAN, BISHAN STREET 13, 164 (3 bedded for...", Bishan,"$2,800"
79,9,"403A FERNVALE LANE, FERNVALE LANE,   (3 bedded ...", Sengkang,"$1,900"
80,0,Whole unit rent, Potong Pasir,"$2,000"
81,1,Spacious 3BR condo for rent at HDB price, Jurong East,"$2,900"
82,2,Fully furnished 1 bedroom condo for rent, Serangoon,"$2,200"
83,3,Central green 1292sf. 3room + utility room, Tiong Bahru,"$3,900"
84,4,Parc haven 1300sf 3room +maid room, Balestier,"$2,950"
85,5,Whole unit rent, Potong Pasir,"$2,000"
86,6,Lakeside Apartment 1+1 Studio for rent, Jurong West,"$1,400"
87,7,$3.3k condo / 2 bedded / Near mrt, Bukit Merah,"$3,300"
88,8,$3.3k 2 bedded Condo for rent!, Bukit Merah,"$3,300"
89,9,whole unit for rent, Bukit Panjang,"$1,600"
90,0,"Blk 654 SENJA ROAD, SENJA ROAD EA Big house   (...", Bukit Panjang,"$2,400"
91,1,"Blk 431 CHOA CHU KANG, CHOA CHU KANG AVENUE 4  ...", Choa Chu Kang,"$2,400"
92,2,"Blk 170 STIRLING ROAD, STIRLING ROAD,   (2 bedd...", Queenstown,"$2,100"
93,3,"Blk 2HOLLAND AVENUE, HOLLAND AVENUE  (2 bedded ...", Holland Village,"$2,500"
94,4,"Blk 590C MONTREAL LINK, MONTREAL LINK,   (3 bed...", Sembawang,"$1,900"
95,5,"Blk 26 NEW UPPER CHANGI , NEW UPPER CHANGI ROAD...", Bedok,"$1,800"
96,6,"Blk 530 BUKIT BATOK, BUKIT BATOK STREET 51,   (...", Bukit Batok,"$2,100"
97,7,"418 BEDOK NORTH, BEDOK NORTH AVENUE 2  (2 bedde...", Bedok,"$2,100"
98,8,"Blk 17 MARINE TERRACE, MARINE TERRACE  (3 bedde...", Marine Parade,"$2,500"
99,9,"3 TANJONG PAGAR PLAZA, TANJONG PAGAR PLAZA  (2 ...", Tanjong Pagar,"$2,200"
100,0,"THE GLADES, BEDOK RISE  (2 bedded for rent) who...", Bedok,"$3,000"
101,1,CASHEW HEIGHTS CONDOMINIUM  (4 bedded for rent)..., Bukit Timah,"$3,600"
102,2,"COCO PALMS, PASIR RIS GROVE,  (3 bedded for ren...", Pasir Ris,"$4,600"
103,3,"SUITES AT ORCHARD, HANDY ROAD  (1 bedded + 1 st...", Orchard,"$4,300"
104,4,"FLORAVIEW AND FLORAVISTA, ANG MO KIO STREET  (1...", Ang Mo Kio,"$1,900"
105,5,"THE MILTONIA RESIDENCES, MILTONIA CLOSE  (2 bed...", Yishun,"$2,400"
106,6,"RIVERBAY, MAR THOMA ROAD  (1 bedded for rent) w...", Potong Pasir,"$1,900"
107,7,3rm hdb flat for rent at circuit road (long term), Paya Lebar,"$2,000"
108,8,"SHERWOOD CONDOMINIUM, JALAN JURONG KECHIL, 169 ...", Bukit Merah,"$2,400"
109,9,"Blk 203 SERANGOON, SERANGOON CENTRAL  (2 bedded...", Serangoon,"$2,100"
110,0,"EON SHENTON, SHENTON WAY (2bedded for rent) who...", CBD,"$3,350"
111,1,"RIVER PLACE, HAVELOCK ROAD, TWR B3, MID FLR (1b...", River Valley,"$3,800"
112,2,"DAIRY FARM EST, DAIRY FARM RD (2bedded for rent...", Bukit Panjang,"$2,700"
113,3,"SHERWOOD TWRS, JLN ANAK BT (3bedded for rent) w...", Bukit Timah,"$3,050"
114,4,"MOONSTONE RESIDENCES, MOONSTONE LANE (3 bedded ...", Potong Pasir,"$3,600"
115,5,"WMACKENZIE REGENCY, MACKENZIE ROAD  (1 bedded f...", CBD,"$2,600"
116,6,"WILKIE REGENCY, WILKIE TERRACE, 10  (1 bedded f...", CBD,"$2,600"
117,7,"7 CLAYMORE, CLAYMORE ROAD  (2 bedded for rent) ...", Orchard,"$3,500"
118,8,"7 CLAYMORE, CLAYMORE ROAD  (2 bedded for rent) ...", Orchard,"$3,500"
119,9,"ESPADA, ST. THOMAS WALK  (1 bedded for rent) wh...", Orchard,"$2,900"
120,0,"JERVOIS GROVE, JERVOIS ROAD (1 bedded for rent)...", Tiong Bahru,"$2,600"
121,1,"ICON, GOPENG STREET,  (1 bedded for rent)  whol...", Tanjong Pagar,"$3,600"
122,2,"BURLINGTON SQUARE, BENCOOLEN STREET (2 bedded f...", Rochor,"$3,600"
123,3,"THE HILLIER, HILLVIEW RISE (2 bedded for rent) ...", Bukit Timah,"$2,700"
124,4,"V ON SHENTON, SHENTON WAY, (1 bedded for rent) ...", CBD,"$4,200"
125,5,"HERITAGE VIEW, DOVER (3 bedded for rent)  whole...", Queenstown,"$4,100"
126,6,"The SAIL @ MARINA BAY, MARINA BOULEVARD (1 bedd...", CBD,"$3,850"
127,7,"THE INTERLACE, DEPOT ROAD, (2 bedded for rent) ...", Queenstown,"$4,100"
128,8,"GLORIA MANSIONS, PASIR PANJANG ROAD, 292, HIGH ...", Pasir Panjang,"$3,000"
129,9,"TROPICANA CONDO, JALAN TIGA RATUS (3bedded for ...", Changi,"$4,200"
130,0,3 rm hdb near mrt, Marsiling,"$1,900"
131,1,Spacious 4 room corner unit for rent, Yishun,"$2,500"
132,2,Beautiful cozy fully furnished house, Clementi,"$2,200"
133,3,Near Admiralty Mrt - Whole Unit Rental, Woodlands,"$2,000"
134,4,For rent redhill hdb 3b2b, Bukit Merah,"$3,000"
135,5,Clementi west hdb 3NG, Clementi,"$1,750"
136,6,Whole unit for rent at Jurong West, Jurong West,"$1,500"
137,7,272 Tampines 3rm for Rent, Tampines,"$2,000"
138,8,"MELVILLE PK, SIMEI ST 1,  (3 bedded for rent)  ...", Simei,"$3,000"
139,9,"PARC OASIS, JURONG EAST AVE 1 (3 bedded for ren...", Jurong East,"$3,300"
140,0,Changi Green condo, Changi,"$2,600"
141,1,"Normanton Park, for short term lease, 3 bedroom...", Queenstown,"$2,500"
142,2,Changi Green condo, Changi,"$2,600"
143,3,Blk 5 Dover Crescent  2 bedroom whole unit, Buona Vista,"$2,100"
144,4,4 Room Flat in Jurong east for rent (whole flat), Jurong East,"$2,150"
145,5,House for rent, Boon Lay,"$2,700"
146,6,The Sunny Spring (4+2) Condo Facing Pool For Re..., Paya Lebar,"$4,000"
147,7,$2.1k @ Blk 282 Toh Guan Rd!, Jurong East,"$2,100"
148,8,3 rm hdb near mrt, Woodlands,"$1,900"
149,9,3 rm hdb near mrt, Woodlands,"$1,900"
150,0,Whole unit to rent by Owner, Jurong West,"$2,000"
151,1,Hougang HDB Rental, Hougang,"$1,850"
152,2,"both rooms aircon, 2 toilets", Hougang,"$1,850"
153,3,643 amk whole unit  2 bedroom + 1 untility Room, Ang Mo Kio,"$1,900"
154,4,Blk 5 Dover Crescent  2 bedroom whole unit, Buona Vista,"$2,100"
155,5,2bedder for rent at Berlington Square, Bugis,"$3,600"
156,6,2+1 for rent  @ blk 339 jurong east Ave 1, Jurong East,"$1,800"
157,7,WILKIE ROAD FURNISHED 2BEDROOM, CBD,"$2,800"
158,8,Cheaper in the area. with free internet and ful..., Queenstown,"$1,900"
159,9,Changi Green condo, Changi,"$2,600"
160,0,3+1 braddell view near MRT asking $3148, Toa Payoh,"$3,148"
161,1,5rm 3+1 blk 811 jurong west st 81 immed $2288, Jurong West,"$2,250"
162,2,3+1 @ 125 Geylang East Avenue 1 @ Aljunied MRT, Paya Lebar,"$2,500"
163,3,Immediate Occupancy. Blk 601 Clementi. Whole., Clementi,"$2,400"
164,4,Eon Shenton 2 bedroom for rent, CBD,"$3,200"
165,5,"3 Tanjong Pagar Plaza, near Tanjong Pagar MRT, ...", Tanjong Pagar,"$3,000"
166,6,0.34km walk to Yew Tee MRT and Shopping Mall, Seletar,"$2,500"
167,7,Whole unit available, Jurong West,"$2,500"
168,8,Yishun whole unit Jumbo, Yishun,"$2,600"
169,9,Whole unit to rent by Owner, Jurong West,"$2,000"
170,0,Whole unit for rent, Bukit Batok,"$1,400"
171,1,1BEDROOM CONDO NEAR KOVAN MRT, Serangoon,"$1,700"
172,2,Clementi West for Rent  - No Agent Fees, Clementi,"$1,900"
173,3,Rental at Sims Ave near James Cook University (..., Paya Lebar,"$2,600"
174,4,Rental at Ah Hood Road near East Asia Institute..., Balestier,"$2,800"
175,5,Rental at Jalan Rajah near Curtin Education Cen..., Balestier,"$2,500"
176,6,No Agent Fee - 7 Claymore 2 & 3 Bedroom for Rental, Orchard,"$3,300"
177,7,Unit in Lakeshore condo for rent, Jurong West,"$2,500"
178,8,Unit in Lakeshore condo for rent, Jurong West,"$2,500"
179,9,Whole Unit/Rooms for Rent at Pasir Ris (June to..., Pasir Ris,"$2,500"
180,0,Rental, Jurong West,"$2,500"
181,1,Bukit Gombak 4-room flat for rent near MRT, Bukit Batok,"$1,900"
182,2,Studio Room - $650 - Chai Chee (BEDOK) - NO age..., Bedok,$650
183,3,Executive Apartment available on 1st July 2018, Bukit Batok,"$2,300"
184,4,$1800 ONLY!!! 2 BEDROOM WHOLE UNIT @ POTONG PASIR, Potong Pasir,"$1,800"
185,5,3+1 @ 125 Geylang East Avenue 1 @ Aljunied MRT, Paya Lebar,"$2,500"
186,6,4 rooms HDB flat for rent, Woodlands,"$1,700"
187,7,Peaceful and Comfy Condo Studio Unit, Punggol,"$1,800"
188,8,3 Bedroom HDB Whole Unit for Rent, Choa Chu Kang,"$2,000"
189,9,4rm Corner big HDB Very near Jurong East MRT, Jurong East,"$3,000"
190,0,3+1 @ Chinese Garden Mrt $2000... Bed 2 Bath / ..., Jurong East,"$2,000"
191,1,$2100!!! 3+1 @ Pioneer Mrt - MRT Below Block - ..., Jurong West,"$2,100"
192,2,Near Telok Blangah Mrt - 2+1 @ 44 Telok Blangah..., Bukit Merah,"$1,800"
193,3,Bus to Punggol Mrt / 2+1 @ Blk 664A Punggol / $..., Punggol,"$1,500"
194,4,Near Braddell Mrt - 1+1 Hdb For RENT - Blk 107 ..., Toa Payoh,"$1,350"
195,5,Opposite Bedok MRT - 2+1 @ Blk 201 Bedok North ..., Bedok,"$1,650"
196,6,Farrer Park Mrt < Exit B > - 1 Bedroom Condo Fo..., Farrer Park,"$2,000"
197,7,Near Telok Blangah Mrt / Harbour Front / 1+1 @ ..., Bukit Merah,"$1,500"
198,8,Near EW6 Kembangan MRT ~ 2 bedroom Hdb whole Un..., Bedok,"$1,700"
199,9,Long term rental, Clementi,"$2,000"
200,0,1+1 @ $1300 / Bus to Bedok MRT - Blk 541 Bedok ..., Bedok,"$1,300"
201,1,Hdb For RENT Near Lavender MRT - $1500 (1+1) Bl..., Lavender,"$1,500"
202,2,Little India •• Near Jalan Besar MRT - 2+1 @ $2..., Little India,"$2,300"
203,3,$1799 - Boon Lay MRT • 3+1 ( 3 Bedroom 2 bath) ..., Jurong West,"$1,799"
204,4,$1300 ✔✔ Bus To Bukit Gombak / Chinese Garden M..., Bukit Batok,"$1,300"
205,5,1 +1 Vibes@Kovan, Serangoon,"$1,800"
206,6,"Very near Farrer Road MRT, 3-bedroom HDB for rent", Bukit Timah,"$1,800"
207,7,HDB 3-bedroom apartment for rent. No agent's f..., Bukit Timah,"$1,800"
208,8,House for rent, Balestier,"$1,800"
209,9,Near Macpherson MRT - ( 2+1) 2 Bedrm 2 Bath / $..., Macpherson,"$1,650"
210,0,3+1 @ 125 Geylang East Avenue 1 @ Aljunied MRT, Geylang,"$2,500"
211,1,3+1  Masiling Rise 8 min walk to MRT - No Agent..., Marsiling,"$2,000"
212,2,Whole Unit For Rent @ Clementi West  - No Agent..., Clementi,"$1,900"
213,3,4rm Flat for rent 668B Jurong West Street 64, Jurong West,"$2,200"
214,4,Brand New Room + Living + Kitchen Near Mrt, Punggol,$800
215,5,Park house Orchard boulevard, Orchard,"$4,200"
216,6,Park house @ Orchard boulevard, Orchard,"$4,200"
217,7,Accessible flat in khatib, Yishun,"$2,000"
218,8,Big Condo near Newton MRT, Newton,"$3,750"
219,9,Near Boon Lay MRT - 1+1 Hdb whole Unit For Rent..., Jurong West,"$1,500"
220,0,Bus To Kembangan Mrt - opposite Beach / 1+1 @ B..., Marine Parade,"$1,400"
221,1,2+1 Near Hougang MRT - $1500 / Blk 701 Hougang ..., Hougang,"$1,500"
222,2,[3 BR + 1HALL] 156 YUNG LOH RD FOR RENT, Jurong West,"$2,100"
223,3,Yishun •• 1+1 @ 347B Yishun $1300 / Hdb For REN..., Yishun,"$1,300"
224,4,3+1 @ 125 Geylang East Avenue 1 @ Aljunied MRT, Geylang,"$2,500"
225,5,5 room HDB Flats for Rent in Sengkang, Sengkang,"$1,950"
226,6,120 Bukit Merah View * 3 bedroom Whole unit for..., Bukit Merah,"$2,200"
227,7,Le crescendo, Paya Lebar,"$2,700"
228,8,2 Bedroom Condo  - The Sail@Marina Bay - No Age..., CBD,"$4,600"
229,9,Near Redhill Mrt - 3+1 / 3 Bed 2 Bath / Blk 131..., Queenstown,"$3,000"
230,0,Short term, Pasir Ris,"$1,500"
231,1,cozy and luxury home, Newton,"$1,800"
232,2,RENT WHOLE UNIT, Potong Pasir,"$3,600"
233,3,Residence at Somme for rental, Farrer Park,"$2,650"
234,4,2 minutes walk with covered walkway to Farrer P..., Farrer Park,"$2,200"
235,5,3+1 @ 125 Geylang East Avenue 1 @ Aljunied MRT, Geylang,"$2,500"
236,6,3+1 @ Farrer Park Mrt / $2600... Bed 2 Bath / B..., Little India,"$2,600"
237,7,For rent!!  The Panorama Condominium, Ang Mo Kio,"$3,000"
238,8,Near Bedok MRT - 2+1 @ $1400 ( No Aircon) Hdb W..., Bukit Batok,"$1,400"
239,9,Wow Near Mrt - So cheap - 2+1 @ $1600 ( Blk 73 ..., Geylang,"$1,600"
240,0,Happy Pte CONDO - Near Serangoon / Bungkok Mrt., Hougang,"$3,600"
241,1,2 Bus Stop Bukit Batok MRT - 2+1 @ Blk 241 Buki..., Bukit Batok,"$1,500"
242,2,3+1 @ Farrer Park Mrt / $2600... Bed 2 Bath / B..., Farrer Park,"$2,600"
243,3,Macpherson MRT -  Hdb Whole Unit For Rent / Blk..., Geylang,"$1,500"
244,4,Near Bukit Panjang MRT ~ 2 bedroom 2 bathroom H..., Bukit Panjang,"$1,400"
245,5,Yishun!! 1+1 @ $1200 ( Blk 632 Yishun) Hdb Whol..., Yishun,"$1,200"
246,6,"3+1 flat @ 91 tanglin halt Rd,", Queenstown,"$3,000"
247,7,"3+1 flat @ 91 tanglin halt Rd,", Queenstown,"$3,000"
248,8,Bus To Khatib Mrt - 2+1 @ 663 Yishun Ave 4 - $1..., Yishun,"$1,400"
249,9,3+1 @ 125 Geylang East Avenue 1 @ Aljunied MRT, Geylang,"$2,500"
250,0,[2 BR + 1HALL] 13 TELOK BLANGAH CRES FOR RENT, Sentosa,"$1,800"
251,1,[3 BR + 1HALL] 606 HOUGANG AVE 4 FOR RENT, Hougang,"$2,000"
252,2,[1 BR + 1HALL] 915 JURONG WEST ST 91 FOR RENT, Jurong West,"$1,400"
253,3,2+1 @ $1700 / Near Boon Keng MRT / Blk 14 St Ge..., Kallang,"$1,700"
254,4,For Rent • 1+1 ( Boon Keng MRT) HDB Whole Unit ..., Kallang,"$1,400"
255,5,Opposite Serangoon MRT - Near NEX Mall / 2+1 / ..., Serangoon,"$1,900"
256,6,Tree House Condo, Bukit Panjang,"$3,150"
257,7,Long Term House Renting, Sembawang,"$2,300"
258,8,Cozy and nicely renovated HDB flat for rental, Paya Lebar,"$2,500"
259,9,HDB For Rent @Pasir Ris, Pasir Ris,"$2,500"
260,0,Direct Owner Rental | No Agents | No Commission..., Queenstown,"$3,333"
261,1,Condo 3+1 6 mins walk to MRT for rent, Katong,"$3,000"
262,2,90 Commonwealth Crescent  4 BEDROOM, Tanglin,"$2,600"
263,3,139 TAMPINES STREET 11 (above shophouse) 3 BEDR..., Tampines,"$1,900"
264,4,"BLK 243, BISHAN STREET 22 HIGH FLOOR 3 BEDROOM", Bishan,"$2,400"
265,5,168 BEDOK SOUTH AVE 3 2 BEDROOM WITH AC, Bedok,"$1,800"
266,6,BLK 616 SENJA ROAD - BUKIT PANJANG  2 bedroom f..., Bukit Panjang,"$2,000"
267,7,689B CHUA CHU KANG DRIVE 3 BEDROOM | 2 BATHROOM, Choa Chu Kang,"$2,000"
268,8,Bus to Toa Payoh / Novena / Kallang / Boon Keng..., Toa Payoh,"$1,650"
269,9,1+1 Tiong Bahru MRT @ $1500 / Blk 19 Jalan Memb..., Tiong Bahru,"$1,500"
270,0,Near Boon Lay MRT / 3+1 hdb unit for rent /  Bl..., Jurong West,"$2,000"
271,1,Farrer Park Mrt!! 2 Bedrm 2 Bath / Blk 12 Farre..., Farrer Park,"$2,000"
272,2,SMART SUITES / 1+1 Condo For Rent near ALJUNIED..., Geylang,"$1,700"
273,3,For Rent •• 2+1 Near Dover MRT $1800... Bedrm 2..., Clementi,"$1,800"
274,4,Whole 5 Room Unit @ 228C Compassvale Walk for Rent, Sengkang,"$2,300"
275,5,Whole unit for rent, Woodlands,"$2,500"
276,6,Just bring your luggage, Serangoon,"$2,300"
277,7,The Modules, Joo Chiat,"$2,500"
278,8,"3+1 @ 125 Geylang East Avenue 1 @ Aljunied MRT,...", Paya Lebar,"$2,500"
279,9,Direct Owner Rental | No Agents | No Commission..., Queenstown,"$3,333"
280,0,3+1 @ 125 Geylang East Avenue 1 @ Aljunied MRT, Paya Lebar,"$2,500"
281,1,Near woodlands new EC for rent, Woodlands,"$1,950"
282,2,2+1  For Rent $1600 /2 Bedrm 2 Bathrm / Hdb Who..., Sembawang,"$1,600"
283,3,2+1 @ 432 Bukit Panjang / 2 Bedrm 2 Bath / HDB ..., Bukit Panjang,"$1,500"
284,4,Near to Woodlands MRT/1+1 HDB Whole Unit For Re..., Woodlands,"$1,400"
285,5,Ang Mo Kio MRT: Blk 419 3+1, Ang Mo Kio,"$2,400"
286,6,363 Woodlands 3 minute to woodlands MRT, Woodlands,"$1,800"
287,7,Good location, Jurong West,"$2,200"
288,8,"3+1 @ 125 Geylang East Avenue 1 @ Aljunied MRT,...", Paya Lebar,"$2,500"
289,9,1+1 For Rent $1500 /1 Bedrm 2 Bathrm / Hdb Whol..., Clementi,"$1,500"
290,0,2 bedroom Hdb Whole Unit for $1600 / Blk 437 Ta..., Tampines,"$1,600"
291,1,2 bedroom Hdb Whole Unit for $1600 / Blk 437 Ta..., Tampines,"$1,500"
292,2,APPROVED HDB 4Bedrooms Executive Apartment At B..., Bukit Batok,"$2,800"
293,3,Next to MRT, Sembawang,"$2,000"
294,4,Bus to Boon Lay MRT - 2 Bedrm 1 Bathrm 1 Toilet..., Boon Lay,"$1,500"
295,5,2+1 Near Bedok MRT - $1500 - Blk 122 Bedok Nort..., Bedok,"$1,500"
296,6,Condo for rent, Pasir Ris,"$2,600"
297,7,*NO AGENT FEE*DIRECT OWNER*CORNER UNIT*, Kallang,"$1,900"
298,8,Opposite Northpoint (Yishun MRT) / 2+1 / $1550 ..., Yishun,"$1,550"
299,9,Near yio Chu Kang MRT/ 1+1 / 1 Bedrm 2 bath / B..., Choa Chu Kang,"$1,400"
300,0,2+1 (3I Model) @ Blk 6 Telok Blangah Crescent (..., Bukit Merah,"$1,700"
301,1,3+1 (4NG Model) @ Blk 2 Haig Road (Paya Lebar) ..., Paya Lebar,"$2,300"
302,2,3+1 (4A Model) @ Blk 787E Woodlands Crescent (7..., Woodlands,"$1,800"
303,3,2+1 Hdb For RENT - Tiong Bahru MRT - $2000 - Bl..., Tiong Bahru,"$2,000"
304,4,3+1 @ 125 Geylang East Avenue 1 @ Aljunied MRT, Paya Lebar,"$2,500"
305,5,Opposite Tampines East DT33 MRT - 1+1 @ $1550 (..., Tampines,"$1,550"
306,6,3 bedroom House for $1900 / Bus To Ang Mo Kio M..., Ang Mo Kio,"$1,900"
307,7,Whole unit HDB 3 room for rent, Kallang,"$2,000"
308,8,"Whole unit of HDB for rent, 2 mins to Yishun MRT", Yishun,"$1,800"
309,9,Near Kovan MRT - Near DPS School - 2+1 @ Blk 12..., Hougang,"$1,550"
310,0,No Agt Fees - 4+1 @ $2100 ( 4 Bedrm 2 Bath) - B..., Tampines,"$2,100"
311,1,Cheapest in Yishun!! 1+1 @ $1050 ( Blk 632 Yish..., Yishun,"$1,050"
312,2,2+1+... Bedrm 1 Bathrm 1 Toilet / $1800 - Blk 8..., Balestier,"$1,800"
313,3,2+1 (3NG Model) @ Blk 150 Yishun MRT (3mins wal..., Yishun,"$1,700"
314,4,3+1 (4NG Model) @ Blk 105A Punggol (Edgefield P..., Punggol,"$1,900"
315,5,3+1 (Exec. Apartment) @ Blk 670 Woodlands (3min..., Woodlands,"$2,000"
316,6,4+1 (5I Model) @ Blk 515 Woodlands MRT (10mins ..., Woodlands,"$2,000"
317,7,Direct Owner Rental.  No Agent Fee, Choa Chu Kang,"$2,000"
318,8,Short term rental, Sengkang,"$2,000"
319,9,4 Bedroom Penthouse at Cote D'Azur Marine Parade, Katong,"$6,000"
320,0,Blk 837 woodland executive mansion, Woodlands,"$1,600"
321,1,$1800 ONLY!!!  2 BEDROOM WHOLE UNIT@  POTONG PA..., Potong Pasir,"$1,800"
322,2,Hougang MRT - 2+1 at Blk 520 Hougang / 2 Bedrm ..., Hougang,"$1,600"
323,3,"3+1 50 choa chu kang north 7, Regent Grove (yew...", Choa Chu Kang,"$3,000"
324,4,Near Potong Pasir MRT!! 2+1 @ Blk 104 Potong Pa..., Potong Pasir,"$1,800"
325,5,Near Boon Keng MRT / 3 Bedrm 2 bath / Blk 38D B..., Boon Lay,"$2,200"
326,6,Cosy Penthouse 2BR Ensuite Fully Furnished For ..., Pasir Ris,"$2,800"
327,7,3+1 @ 125 Geylang East Avenue 1 @ Aljunied MRT, Paya Lebar,"$2,500"
328,8,4BR 2Bath+Hall 910 Jurong West St 91, Jurong West,"$2,300"
329,9,"Tanjong Pagar, Chinatown, Marina Bay", Tanjong Pagar,"$2,000"
330,0,House, Serangoon,"$2,600"
331,1,3 Room HDB for rent in Toa Payoh, Toa Payoh,"$2,100"
332,2,2+1 (3NG Corner) @ Blk 402 Bedok North ($1700), Bedok,"$1,700"
333,3,3 rooms flat available to rent, Toa Payoh,"$2,100"
334,4,Hdb For RENT ~~ Near New Bedok North MRT - 1+1 ..., Bedok,"$1,400"
335,5,$1300 •• Near Ang Mo Kio MRT - 1+1 Hdb Whole Un..., Ang Mo Kio,"$1,300"
336,6,Whole Unit to rent (2 bedrooms) in Bedok North, Bedok,"$2,200"
337,7,Near Yio Chu Kang MRT!! 2+1 @ $1500 ( Blk 621 A..., Ang Mo Kio,"$1,500"
338,8,Taman Jurong ( Jurong West) 1+1 @ $1300 / Hdb W..., Jurong West,"$1,300"
339,9,No owner, Yishun,"$1,300"
340,0,Near Commonwealth Mrt - 1+1 @ Blk 31 Tanglin Ha..., Ang Mo Kio,"$1,400"
341,1,3 storey townhouse with basement at Wolskel Rd, Potong Pasir,"$4,900"
342,2,2+1 Near Macpherson MRT - Blk 85 Circuit road -..., Macpherson,"$1,600"
343,3,Near Boon Lay / Pioneer MRT - 3+1 Blk 621 Juron..., Jurong West,"$2,100"
344,4,Rental in China town area, Chinatown,$800
345,5,3 Bedroom Condo unit to rent, Siglap,"$2,800"
346,6,1+1 (Condo) @ Sophia Hills @ Dhoby Ghaut MRT (8..., CBD,"$3,000"
347,7,$1600• Near Clementi Mrt - 2+1 @ 346 Clementi  ..., Clementi,"$1,600"
348,8,$1400 ~ Near Macpherson MRT - 1+1 @ Blk 44 Circ..., Geylang,"$1,400"
349,9,Lakefront Condo For Rent 1min to Lakeside Mrt, Jurong West,"$2,500"
350,0,WHOLE UNIT FOR RENT 476 Tampines Street 44  2 B..., Tampines,"$1,900"
351,1,WHOLE UNIT FOR RENT 168 BEDOK SOUTH AVE 3 2 BED..., Bedok,"$1,900"
352,2,WHOLE UNIT FOR RENT 139 TAMPINES STREET 11  3 B..., Tampines,"$2,000"
353,3,WHOLE UNIT FOR RENT 856D Tampines Street 82 Exe..., Tampines,"$2,800"
354,4,WHOLE UNIT FOR RENT 139 TAMPINES STREET 11  3 B..., Tampines,"$2,000"
355,5,Two blocks from Insead and next door to Polytec..., Holland Village,"$7,000"
356,6,Entire house for rent, Sengkang,"$2,300"
357,7,Rare Caribbean TOP floor unit rent out @ $4500, Bukit Merah,"$4,500"
358,8,"3 Big Bedrooms Apartment, Strategic Location Ne...", Novena,"$2,200"
359,9,Sengkang! Next to Fernvale LRT & Seletar Mall /..., Sengkang,"$1,850"
360,0,Whole unit for rent 13 Upper Boon Kent Road 1 M..., Lavender,"$2,000"
361,1,Whole Unit For Rent 86 Redhill Close 2 Bedrms f..., Queenstown,"$2,300"
362,2,Whole Unit For Rent 90 Commonwealth Drive 2 Bed..., Queenstown,"$2,200"
363,3,Whole Unit For Rent 114 Yishun Ring Road 2 Bedr..., Yishun,"$1,600"
364,4,Near Telok Blangah Mrt - 2+1 @ Blk 47 Telok bla..., Bukit Merah,"$1,800"
365,5,WHOLE UNIT FOR RENT 103 Tampiense  2 bedroom Wh..., Tampines,"$1,800"
366,6,WHOLE UNIT FOR RENT 641 Hougang Avenue 8  3 Bed..., Hougang,"$2,200"
367,7,WHOLE UNIT FOR RENT 4 Bedok South Avenue 1  2 B..., Bedok,"$1,700"
368,8,WHOLE UNIT FOR RENT 537 Bedok North Street 3 2 ..., Bedok,"$1,800"
369,9,WHOLE UNIT FOR RENT 245 Tampines Street 21 High..., Tampines,"$3,000"
370,0,"Near Bus-stop , Market Shop And Recreation faci...", Bedok,"$1,600"
371,1,Bus to Ang Mo kio & Serangoon MRT / 2 Bedrm 2 b..., Serangoon,"$1,600"
372,2,Whole unit for rent 90 Commonwealth Crescent  4..., Queenstown,"$2,500"
373,3,Whole unit for rent BLK 45 TANGLIN HALT  QUEENS..., Tanglin,"$1,900"
374,4,Whole unit for rent 689B CHUA CHU KANG DRIVE 3 ..., Choa Chu Kang,"$2,000"
375,5,Whole unit for rent 9 Cantonment Close 3 Bedroo..., Queenstown,"$3,500"
376,6,Whole Unit For Rent 216 Marsiling Lane  3 Bedro..., Woodlands,"$1,800"
377,7,"Whole Unit For Rent Blk 704 West Coast Road, Cl...", Clementi,"$2,000"
378,8,Whole unit for rent 685A Choa Chu Kang Crescent..., Choa Chu Kang,"$1,900"
379,9,Whole unit for rent 651 Yishun Avenue 4 2 Bedrm..., Yishun,"$1,700"
380,0,Whole unit at the Brownstone, Sembawang,"$2,500"
381,1,Whole unit at the Brownstone EC, Sembawang,"$2,500"
382,2,5 Room HDB unit for rent-2 mins walk to MRT, Yishun,"$2,400"
383,3,$1400 •• Near to Chinese Garden MRT - 1+1 Hdb W..., Jurong East,"$1,400"
384,4,Mins to Mkt/amenities/Commonwealth MRT - 2+1 @ ..., Queenstown,"$1,600"
385,5,2 bedroom Hdb Whole Unit for Rent at Commonweal..., Tanglin,"$1,700"
386,6,Mins to Yishun Mrt - 2+1 @ Blk 114 Yishun Ring ..., Yishun,"$1,500"
387,7,Hdb For RENT • (1+1+1) Blk 24 Balam Road – Near..., Macpherson,"$1,300"
388,8,$1600 ONLY!!!  2  BEDROOM WHOLE UNIT @ 257 JURO..., Jurong East,"$1,600"
389,9,Next To Bukit Gombak MRT - 1+1 @ $1200 ( Blk 53..., Bukit Batok,"$1,200"
390,0,Whole unit for rental in Woodlands, Woodlands,"$1,800"
391,1,NO AGT FEE! CALL 9638... FOR 3BDRM CONDO @FORES..., Yishun,"$2,280"
392,2,NO AGT FEE! CALL 9638... FOR 2BDRM CONDO @CASTL..., Ang Mo Kio,"$2,400"
393,3,NO AGT FEE! CALL 9638... FOR 3BDRM CONDO @RIVER..., CBD,"$5,300"
394,4,NO AGT FEE! CALL 9638... FOR 5'I' @14 TOH YI DR..., Bukit Timah,"$2,400"
395,5,NO AGT FEE! CALL 9638... FOR EXEC MASION @524 B..., Bukit Batok,"$2,500"
396,6,NO AGT FEE! CALL 9638... FOR 3'NG' @702 WEST CO..., Clementi,"$1,900"
397,7,NO AGT FEE! CALL 9638... FOR 4'A' @119 BUKIT BA..., Bukit Batok,"$2,000"
398,8,NO AGT FEE! CALL 9638... FOR 3'A' @114 YISHUN R..., Yishun,"$1,600"
399,9,NO AGT FEE! CALL 9638... FOR 4'A' @605 WOODLAND..., Woodlands,"$1,850"
400,0,Spacious EA flat (4 bedrooms) for rent, Woodlands,"$2,200"
401,1,"2 bdrm Penthouse apt at Adis Rd, off Sophia Rd", Orchard,"$3,800"
402,2,Boon Keng unit for rent, Serangoon,"$3,000"
403,3,Watercolours Studio, Pasir Ris,"$1,500"
404,4,Less than 5 mins walk to lakeside MRT., Jurong West,"$3,500"
405,5,$1600 •• Near to Kovan MRT - 2+1 Hdb Whole Unit..., Hougang,"$1,600"
406,6,For Rent •• 2+1 @ $1600 Closed To Tampines  Mrt..., Tampines,"$1,600"
407,7,Hdb For RENT • (1+1) Blk 423 Jurong West Avenue..., Jurong West,"$1,400"
408,8,SERANGOON AVE 1 WHOLE UNIT FOR RENT, Serangoon,"$1,900"
409,9,32 Teban garden  Whole unit  3bedroom, Boon Lay,"$2,100"
410,0,Whole Unit Studio Apartment @ Tanah Merah, Bedok,"$2,200"
411,1,Oasis@elias Condo 4bedrooms for rent, Pasir Ris,"$3,500"
412,2,Bartley Ridge 2 bedroom cosy apartment for rental, Macpherson,"$2,900"
413,3,Brand NEW Condo for Rent above Waterway Point S..., Punggol,"$2,200"
414,4,Great location with low rental @ 21 Redhill Clo..., Bukit Merah,"$1,400"
415,5,Move in 2-Bedroom Condo Unit with Full Facilities, Tampines,"$2,100"
416,6,Tampines flat for rent, Tampines,"$2,400"
417,7,Rare! High Floor 270 degreees Panoramic Unblock..., Holland Village,"$4,900"
418,8,"2+1 @ 625 Jurong West Street 61 @ Pioneer MRT, ...", Jurong West,"$2,200"
419,9,For rent, Bukit Batok,"$2,200"
420,0,4 room unit for Rent Near Braddell MRT, Toa Payoh,"$2,500"
421,1,Morimasa Gardens, Newton,"$6,500"
422,2,Studio Apartment Condo (1 bedroom), Hougang,"$1,700"
423,3,"EA flat for rent, immediate", Bukit Panjang,"$2,300"
424,4,Blk 153 Woodlands 3br, Marsiling,"$1,750"
425,5,Duo Residences Studio Unit, Bugis,"$3,600"
426,6,New 2-Bedroom Condo in Central Singapore, Farrer Park,"$3,300"
427,7,Desirable out of the city home, Choa Chu Kang,"$2,000"
428,8,[ Tiong Bahru ] Kim Tian flat for RENT @ S$2.8k..., Tiong Bahru,"$2,800"
429,9,Cosy home, Choa Chu Kang,"$2,500"
430,0,2bedroom+1hall Bk 20 Circuit rd(near Mrt), Macpherson,"$1,800"
431,1,5 room Approved (Whole Unit) @ 618 Jurong West ..., Jurong West,"$2,200"
432,2,3 bedder+utility Ang Mo Kio beside MRT/AMK Hub, Ang Mo Kio,"$4,400"
433,3,Near KTPH Hospital..2 Bedroom..No Agent Fee.., Yishun,"$1,800"
434,4,4 Room WHOLE UNIT - FERNVALE @ SENGKANG, Sengkang,"$1,750"
435,5,Amaranda Gardens - 3 Bedroom Quiet Facing - Wal..., Serangoon,"$3,300"
436,6,123 Rivervale drive, Sengkang,"$1,990"
437,7,137 Bedok Reservoir Road RARE Whole Unit Maison..., Bedok,"$2,600"
438,8,Walkup Penthouse Mansionette Unit For Rent:Trop..., Simei,"$4,500"
439,9,Ambra (3+2)  Penthouse Duplex Unit For Rent * N..., Joo Chiat,"$4,500"
440,0,Exec Apt @ Admiralty MRT, Woodlands,"$2,300"
441,1,balestier road room for immediate rent, Balestier,"$1,855"
442,2,condo with pool for rent, Balestier,"$1,700"
443,3,2 bedrooms - central (District 10) Well maintai..., Bukit Timah,"$1,950"
444,4,"Whole Unit for Rent, next to Bedok Interchange", Bedok,"$2,400"
445,5,Telok Blangah whole house for rent, Tanjong Pagar,"$2,600"
446,6,Whole unit for rent @ Toa Payoh, Toa Payoh,"$2,000"
447,7,Newly Renovated UNIT at Outram Road. Walking di..., Outram,"$1,550"
448,8,2 RVG (Mins walk to Orchard and Great World City), River Valley,"$2,900"
449,9,Toa Payoh Central 3room Whole unit (Tenant No n..., Toa Payoh,"$2,000"
450,0,3+1 Jurong East Blk 280 Near MRT, Jurong East,"$2,250"
451,1,3+1 Choa Chu Kang Blk 704 Near MRT, Choa Chu Kang,"$1,800"
452,2,Spacious whole unit for rent, Woodlands,"$1,800"
453,3,Spacious whole unit for rent, Woodlands,"$1,800"
454,4,4Room Flat, Woodlands,"$1,600"
455,5,Studio Apartmentment for rent 3 min. walk to MR..., Ang Mo Kio,"$1,500"
456,6,Within mins to 4 MRT stations., Pasir Ris,"$2,400"
457,7,La Casa House for rent, Woodlands,"$2,600"
458,8,whole penthouse condominium unit for rent in a ..., Geylang,"$2,000"
459,9,Walk to Sembawang MRT! No Agent fees!, Sembawang,"$2,200"
460,0,WELL MAINTAINED 1 BEDROOM UNIT FOR RENT, Geylang,"$2,100"
461,1,Cozy Studio for immediate rental, Bedok,"$1,800"
462,2,HDB with 4 bedrooms for lease (Nego), Bedok,"$2,600"
463,3,"A min to MRT Station, Beautiful Deco unit!", CBD,"$1,900"
464,4,3-Minutes Walk From Aljunied MRT! Beautiful Apa..., Lavender,"$1,900"
465,5,The Glades condo 2 bedrooms 2 bathrooms for ren..., Bedok,"$3,000"
466,6,"5 Rm HDB for Rent,Bishan St 13, @9118...,Avail....", Bishan,"$2,550"
467,7,Spacious newly renovated HDB Exec Falt, Woodlands,"$2,800"
468,8,2+1 Space @ Kovan, Sengkang,"$2,000"
469,9,3+1 Jurong East Blk 288D Near MRT, Jurong East,"$2,400"
470,0,Most Affortable EA 4 bedrm, Woodlands,"$2,000"
471,1,HDB 5 Room Unit For Rental (Jurong West), Jurong West,"$2,800"
472,2,"HDB for Rent, AMK 353", Ang Mo Kio,"$1,900"
473,3,2+1 HDB Spacious 1200sqft Walking to Pioneer MR..., Jurong West,"$2,200"
474,4,2+1 HDB House For Rent 11 Mins Walk To Yio Chu ..., Ang Mo Kio,"$1,400"
475,5,1 bedroom unit for lease 3 months only, Newton,"$2,500"
476,6,"Bradell View for Rent, Near Braddell (NS) and C...", Toa Payoh,"$2,800"
477,7,4A Bukit Purmei whole apt $2800, Bukit Merah,"$2,800"
478,8,2 BEDROOM UNIT FOR RENT NEAR MOUNTBATTEN, Katong,"$2,100"
479,9,Newly Renovated STUDIO walking distance to moun..., Katong,"$1,500"
480,0,Fully Renovated - Resort Feel - Short Term Only, Bedok,"$2,800"
481,1,3 mins walk to MRT! 2+1 @ 313 Ang Mo Kio NO AGT..., Ang Mo Kio,"$2,400"
482,2,Boon Teck Towers(Balestier), Balestier,"$2,900"
483,3,"1 Bedroom Condo at The Tennery, 5 Woodlands Road", Woodlands,"$2,200"
484,4,No agent fee Duplex Type Apartment for Rent, Novena,"$5,000"
485,5,Yishun blk 172 2+1 Rent, Yishun,"$1,600"
486,6,Aljunied MRT! Sims Urban Oasis 2, Paya Lebar,"$2,600"
487,7,"Quiet condo near Changi Airport, Changi Busines...", Changi,"$2,700"
488,8,Swee Swee ! Whole HDB 5 Room Flat for Rent - Ju..., Jurong West,"$2,300"
489,9,Cheapest EA Rental at Woodlands, Woodlands,"$2,000"
490,0,Whole unit condo for rent, Yishun,"$2,500"
491,1,Whole unit condo for rent, Yishun,"$2,500"
492,2,condo with pool for immediate rent, Bedok,"$3,800"
493,3,Spacious 1 bedroom unit for rent/ immed, Novena,"$2,300"
494,4,1 bedroom for rent, Balestier,"$1,900"
495,5,Cozy Whole Unit For Rent @ Block 135 Edgedale P..., Punggol,"$1,850"
496,6,High Floor Apartment for Rent, Bukit Batok,"$2,000"
497,7,Suites@Surrey 2bedroom with Balcony MRT, Novena,"$3,500"
498,8,"7 CLAYMORE, CLAYMORE ROAD, 7, MID & HIGH FLR (2...", Orchard,"$3,200"
499,9,Full unit for rent - Condo, Bishan,"$2,100"
500,0,Near Layar LRT - 1 Bedder RiverTrees Residences..., Sengkang,"$1,500"
501,1,(Brand New Condo) Near Jurong East MRT - 1/2/3/..., Jurong East,"$3,500"
502,2,Best 2 bedroom condo for lease, Katong,"$2,800"
503,3,3 Bedroom Apartment near Resort World Sentosa/ ..., Bukit Merah,"$2,500"
504,4,"No agent fee Central location, next to MRT cond...", Orchard,"$3,800"
505,5,Jurong West Gem, Jurong West,"$2,300"
506,6,Sea View/City View Master Bedroom, Siglap,"$1,600"
507,7,3bed/3bath new apartment next to Tiong Bahru MRT, Tiong Bahru,"$5,800"
508,8,2 Bedroom at River Valley for Rent *No Agent Fees*, River Valley,"$3,800"
509,9,The Interweave 2 Bedroom 9008..., Balestier,"$2,800"
510,0,Condominium 4 bedrooms at Choa Chu Kang Loop fo..., Choa Chu Kang,"$3,200"
511,1,Whole unit for rent - bedok, Bedok,"$2,000"
512,2,"Blk 113 Depot Road (3+1) Whole Unit Rental, Wel...", Bukit Merah,"$2,600"
513,3,363 woodlans whole unit for rent  (3bedroom ), Woodlands,"$1,800"
514,4,Immediate move in Blk 241 Yishun, Yishun,"$1,600"
515,5,RENTING OUT Yishun, Yishun,"$1,650"
516,6,avail 1/11/17 Blk 241 yishun, Yishun,"$1,650"
517,7,Central 1 bedroom studio apartment with balcony, Geylang,"$2,200"
518,8,[Owner's Agent] Blk 247 Jurong East Street 24 (..., Jurong East,"$1,800"
519,9,[Owner'sAgent]Near King Albert Park MRT/Ngee An..., Clementi,"$3,500"
520,0,Blk 503 Woodlands Dr 14, Woodlands,"$1,950"
521,1,View Fully furnish condo pasir ris, Pasir Ris,"$2,200"
522,2,2 Bedrooms Apartment - Heritage View Condominum, Buona Vista,"$3,200"
523,3,Yishun blk 172, Yishun,"$1,700"
524,4,Condo whole unit Lake Ville, Jurong East,"$2,300"
525,5,Studio with kitchen furnished near mrt, Farrer Park,"$1,750"
526,6,2+1 Bedroom for Rent @ Reflections @ Keppel Bay, Sentosa,"$5,200"
527,7,Apartment for rent near Chinese and Japanese Ga..., Jurong West,"$2,200"
528,8,Walk to 4 Mrt !! Super Convenient Place to Stay..., CBD,"$4,400"
529,9,Corner Whole unit in Ang Mo Kio for rent, Ang Mo Kio,"$2,200"
530,0,Whole Unit @ Azalea Park Condo, Pasir Ris,"$2,500"
531,1,2+1 AT SKIES MILTONIA. IMMEDIATE. VACANT. FULLY..., Yishun,"$2,400"
532,2,Seawind 1 Bedroom Luxury Loft for Rent, Siglap,"$2,600"
533,3,Yishun blk 172, Yishun,"$1,700"
534,4,"4 BR Unit in AMK for Rent. Near MRT, Shophouses...", Ang Mo Kio,"$2,500"
535,5,Cosy Studio with kitchen, Farrer Park,"$1,680"
536,6,AFFORDABLE PRICE RENTAL YISHUN, Yishun,"$1,900"
537,7,Block 500 Serangoon Avenue 4 [3bedroom+2bathroom], Serangoon,"$2,400"
538,8,WHOLE CONDO UNIT FOR RENTAL, River Valley,"$3,500"
539,9,1 + 1 study for rent at VA residence, Balestier,"$2,250"
540,0,The Palette Condo Whole Unit For Rent, Pasir Ris,"$3,500"
541,1,2 bedroom condo for rent at Potong Pasir, Potong Pasir,"$2,900"
542,2,4bedrooms+1hall Bk 519 W’dlands $2.2K, Woodlands,"$2,200"
543,3,4Bedroons Bk 546 C.C.kang(Yew Tee Mrt)$2.1k, Choa Chu Kang,"$2,100"
544,4,3+1 Unit-Bk 228 J.East(Mrt) $2200, Jurong East,"$2,200"
545,5,3+1 Unit Bk 323 Ubi Ave($2.3k), Paya Lebar,"$2,300"
546,6,Tastefully Furnished 1 Bedder Studio at Pasir R..., Pasir Ris,"$2,000"
547,7,JURONG WEST AVE 1 @ Rooms for rent 2+1 whole un..., Jurong West,"$1,800"
548,8,Spacious converted 4 bdrm 1000 sqf unit, Ang Mo Kio,"$1,800"
549,9,2 bedroom hdb flat for rent, Katong,"$1,950"
550,0,The sunny spring whole unit, Geylang,"$3,600"
551,1,80A Toa Payoh 5Rooms, Toa Payoh,"$2,800"
552,2,"622 Senja Road, 5 room flat (3 bedroom), for rent", Bukit Panjang,"$1,800"
553,3,5-room flat - 5min walk to Sembawang MRT, Sembawang,"$1,900"
554,4,Studio Apartmentment for rent 3 min. walk to MR..., Ang Mo Kio,"$1,500"
555,5,Good Low raised Condo for rent from June 2018 t..., Potong Pasir,"$2,900"
556,6,"Modern 3 bedroom 2 bathroom unit at Optima, Tan...", Bedok,"$3,200"
557,7,Minutes' Walk to Bishan MRT Station, Bishan,"$2,900"
558,8,HighLine Residences 2Bdrm BrandNew Condo, Tiong Bahru,"$4,000"
559,9,5 room Hdb flat near mrt at CCK, Choa Chu Kang,"$2,100"
560,0,"parc Vista - 2 Bedroom, 2 bath Whole unit for Rent", Jurong West,"$2,600"
561,1,"*** Parc Vista - 2 Bedroom, 2 bath Whole unit f...", Jurong West,"$2,600"
562,2,"Parc Vista - 2 Bedroom, 2 bath Whole unit for Rent", Jurong West,"$2,600"
563,3,Affordable 4rm flat for rent at 523 Woodlands D..., Woodlands,"$1,500"
564,4,3+1 bedroom. Landed. Near Dakota MRT. Paya Leba..., Joo Chiat,"$2,688"
565,5,Studio for rent 14mins walk to Westmall and Bt ..., Bukit Batok,"$1,500"
566,6,Newly renovated 1 bedder at Balestier, Balestier,"$2,200"
567,7,Great location. All amenities. Fully furnished...., Ang Mo Kio,"$2,250"
568,8,Great location. All amenities. Fully furnished...., Ang Mo Kio,"$2,250"
569,9,Fully furnished 3 bedroom apartment at 413b fer..., Sengkang,"$2,000"
570,0,5 Room flat at AMK for RENT - Yio Chu Kang MRT, Ang Mo Kio,"$2,400"
571,1,$3000... Bed / 2 Bath Condo with amazing view o..., Pasir Panjang,"$3,000"
572,2,clean and near NUS, Pasir Panjang,"$3,200"
573,3,Whole unit 2 bedroom for rent at Little India J..., Little India,"$2,400"
574,4,Whole Unit for rent, Ang Mo Kio,"$1,900"
575,5,4 storey Semi D for rent, Bukit Batok,"$5,500"
576,6,Have White goods for tentants, Bukit Batok,"$5,500"
577,7,"DUNMAN ROAD, DUNMAN ROAD Studio bedded for rent", Katong,"$1,900"
578,8,"HOA NAM BUILDING, FOCH ROAD Studio bedded for ...", Lavender,"$1,700"
579,9,"""4A"" HDB Corner Unit for Rent", Kallang,"$2,600"
580,0,Studio Unit near Novena MRT, Newton,"$1,800"
581,1,Very nice 4rm, Clementi,"$2,400"
582,2,"Owner, whole unit hdb 4A corner air/furn high f...", Bukit Merah,"$2,500"
583,3,3 big bed room condo NO AGENT FEE, Choa Chu Kang,"$2,300"
584,4,684b Chao Chu Kang 3 Bedroom whole unit for rent, Choa Chu Kang,"$1,900"
585,5,"Urban Vista, near Tanah Merah MRT, 3 rooms, for...", Bedok,"$3,000"
586,6,resort living with golf course view, Yishun,"$2,200"
587,7,Tiong Bahru Studio Unit (for singles only), Tiong Bahru,"$1,800"
588,8,Watertown Condo $2000 neg., Punggol,"$2,000"
589,9,2 Bedroom in a private Estate with Park View, Bukit Merah,"$3,500"
590,0,Opposite Alexandra Hospital blk 126 bukit merah..., Bukit Merah,"$2,000"
591,1,Mins Walk from Dhoby Ghaut MRT, Orchard,"$4,200"
592,2,Studio for Rent at 118 Marsiling Rise, Woodlands,"$1,100"
593,3,HDB 898 3+2.(owner) Andrew Sim, Woodlands,"$2,100"
594,4,SOMERSET MRT 2 BEDDER CONDO FOR RENT, River Valley,"$2,900"
595,5,SOMERSET MRT 2+1 CONDO FOR RENT, Orchard,"$2,900"
596,6,Condo for Rent from 25 June 18, Serangoon,"$2,200"
597,7,"Studio Near NUS, include pub wifi. No owner, pt...", Pasir Panjang,"$1,450"
598,8,looking for tenants to stay at city square studio, Farrer Park,"$2,700"
599,9,"At the heart of CBD, Fully furnished with Conci...", Tanjong Pagar,"$4,900"
600,0,"2 Bedroom Unit for Rent, 5 minutes from Newton MRT", Newton,"$3,800"
601,1,3 NG Yishun HDB for RENT (Very Near Yishun MRT), Yishun,"$2,100"
602,2,5Rm Designer Style HDB Flat at Bishan for Rent...., Bishan,"$3,000"
603,3,"Near Serangoon MRT, Fully Furnished 1+1, Unbloc...", Serangoon,"$2,000"
604,4,Brand New! 6 bedder Corner Terrace with swimmin..., Joo Chiat,"$9,500"
605,5,Home Away from Home @AMK, Ang Mo Kio,"$2,380"
606,6,For Rent ! 331 Bukit Batok Street 33 for rent, Bukit Batok,"$1,750"
607,7,"The Waterina 51 Lorong 40 Geylang, 398075 Eunos...", Geylang,"$2,500"
608,8,1 bedroom Comfy Condo unit, Simei,"$2,800"
609,9,QUEENSTOWN MRT BLK 49 STRATHMORE AVE 3+1  WHOLE..., Queenstown,"$2,600"
610,0,Jurong East Condo For Rent, Jurong East,"$2,900"
611,1,Newly Refurnished HDB for Rent, Jurong West,"$2,400"
612,2,whole unit condo for rent at Serangoon Rd, Kallang,"$1,900"
613,3,Condo for rent, Serangoon,"$2,200"
614,4,1bedroom Whole unit near Kovan MRT - NO AGENT FEE, Hougang,"$1,700"
615,5,"Near MRT Marsiling, 166 Woodlands Street 13, Ap...", Woodlands,"$1,650"
616,6,"Central Sengkang, living almost right above MRT", Sengkang,"$2,150"
617,7,Urban Vista (2+1) Loft Condo For Rent * NO AGEN..., Bedok,"$2,500"
618,8,Designer 1 Bedroom For Rent - Bayshore Park, Bedok,"$2,000"
619,9,Exec Masionette (3bedrms +1) near Admiralty MRT..., Woodlands,"$2,300"
620,0,3+1 bedroom. Landed. Katong. Near Dakota MRT. P..., Katong,"$3,000"
621,1,"Hillion Residences 1BR - Door Step to MRT, LRT,...", Bukit Panjang,"$2,000"
622,2,1 bedroom new furnished condo for rent in Semba..., Sembawang,"$2,000"
623,3,5 mins to Seletar Mall and Fernvale LRT, Sengkang,"$2,000"
624,4,1 bedder + Study at orchard road, Orchard,"$3,800"
625,5,Studio Apartment off orchard Road - near Great ..., Orchard,"$2,750"
626,6,Luxurious Studio Apartment off Orchard Road, Orchard,"$3,300"
627,7,*Rare Unit close to Nature Reservoir Park !!!, Bedok,"$2,800"
628,8,HDB for room to rent in ang mo kio, Ang Mo Kio,"$1,600"
629,9,"Studio Apartment off CBD near great PUBS, ReSTA...", River Valley,"$3,500"
630,0,Brand new condo, Tiong Bahru,"$4,300"
631,1,Near NUS Condo for Rent, Clementi,"$6,500"
632,2,Three double room in a nice private estate, Bishan,"$2,180"
633,3,Newly renovated 1+1 unit condo at Balestier ren..., Balestier,"$2,400"
634,4,The Wateredge Condo - 1+1 rooms, Geylang,"$2,200"
635,5,3 Bedroom Spacious Fully Furnished East Coast A..., Siglap,"$2,500"
636,6,FOR RENT: Centrally located condo unit with unb..., Bugis,"$4,500"
637,7,KATONG/JOO CHIAT/ONAN.. 3+1 Bedroom. DAKOTA MRT..., Katong,"$2,688"
638,8,Chiltern Park Condo 3 bedroom, Bishan,"$3,300"
639,9,Luxurious living in downtown core! Fully furnis..., CBD,"$3,200"
640,0,A Cosy 3 Storey Condo Unit with a Private Jaccu..., Geylang,"$2,800"
641,1,NEW CONDO in Tiong Bahru!!!, Tiong Bahru,"$3,000"
642,2,Sherwood Condo 2br, Bukit Timah,"$2,300"
643,3,Riviera Point 3br, River Valley,"$4,200"
644,4,"Jurong West St 91, HDB 4A flat whole unit for r...", Jurong West,"$1,950"
645,5,1 bedroom fully furnished apt with pool near eu..., Bedok,"$1,700"
646,6,Tenant haven, Joo Chiat,"$1,700"
647,7,3 Br+ Helper's room Parc Oasis, Jurong East,"$3,300"
648,8,2 Br+ 1 helper's room Parc Oasis, Jurong East,"$2,500"
649,9,3 bedroom unit for lease (3 min to buangkok mrt), Sengkang,"$2,700"
650,0,New 2-room Condo Opposite Punggol MRT and Water..., Punggol,"$2,500"
651,1,"Studio @ Farrer Park/Bendenmeer Mrt, Include pu...", Farrer Park,"$1,380"
652,2,Flat with 3 Bedrooms near Marsiling MRT, Woodlands,"$1,650"
653,3,3 bedroom unit for rental in Choa Chu Kang, Choa Chu Kang,"$2,100"
654,4,Whole unit in SengKang(Compassvale Crescent) fo..., Sengkang,"$2,000"
655,5,Newly renovated unit for rent. Bright and Airy...., Toa Payoh,"$2,300"
656,6,Blk 363 Woodlsnds Whole unit 3 Bedroom For Rent..., Woodlands,"$1,900"
657,7,4 rooms HDB unit in Ang Mo Kio for rent, Ang Mo Kio,"$2,300"
658,8,Spacious 3bedroom East Coast Apartment, Siglap,"$2,500"
659,9,Spacious 3+1 BEDDER FOR RENT WITH PANORAMIC VIEW, Bishan,"$3,150"
660,0,213 Marine Parade Road @ Marine Parade Central ..., Marine Parade,"$2,000"
661,1,6 Mins Walk to Yishun MRT 729 Yishun Street 71 ..., Yishun,"$1,650"
662,2,Rezi 32 (3+3) Condo For Rent  2 MASTERBEDROOMS ..., Paya Lebar,"$3,800"
663,3,$2.1k @ Blk 282 Toh Guan Rd!, Jurong East,"$2,100"
664,4,"RENT !!New Air-Con, Newly Painted, New Accessor...", Pasir Ris,"$2,100"
665,5,Fully furnished Beautiful reno cozy house, Clementi,"$2,200"
666,6,Landed house in joo chiat, Joo Chiat,"$3,200"
667,7,"near boonlay MRT, well furnished 3+2 for rent", Boon Lay,"$2,300"
668,8,Newton Edge 2 Bedroom $3100/mth NO AGENT FEE, Newton,"$3,100"
669,9,5 Mins walk to MRT, Bishan,"$2,500"
670,0,210 Serangoon Central Whole Unit For Rent, Serangoon,"$2,100"
671,1,204 Serangoon Central Whole Unit For Rent, Serangoon,"$2,550"
672,2,201 Serangoon Central Whole Unit For Rent, Serangoon,"$2,100"
673,3,147 Serangoon North Avenue 1 Whole Unit For Rent, Serangoon,"$2,100"
674,4,Real Estate Consultant, Pasir Ris,"$1,850"
675,5,1 bedroom Citylights condo 2 mins  Lavender MRT, Lavender,"$2,900"
676,6,3+1 @ BLK 989B JURONG WEST (PIONEER MRT), Jurong West,"$2,300"
677,7,3+1 (5A) @ Blk 624 Bt Batok Central, Bukit Batok,"$2,300"
678,8,No Agent Fee - Blk 112 Toa Payoh Lor 1 S310112, Toa Payoh,"$2,200"
679,9,700C@AMK, Ang Mo Kio,"$3,000"
680,0,Bedok North newly renovated Flat for rent (Bedo..., Bedok,"$2,000"
681,1,Attractive Fully Furnished 2+1 Rental Unit in P..., Punggol,"$2,100"
682,2,Whole flat for rent@bishan area, Bishan,"$1,850"
683,3,500 Serangoon North Avenue 4 Whole Unit For Rent, Serangoon,"$2,300"
684,4,401 Serangoon Avenue 1 Whole Unit For Rent, Serangoon,"$2,500"
685,5,333 Serangoon Avenue 3 Whole Unit For Rent, Serangoon,"$2,500"
686,6,310 Serangoon Avenue 2 Whole Unit For Rent, Serangoon,"$2,500"
687,7,237 Serangoon Avenue 3 Whole Unit For Rent, Serangoon,"$2,100"
688,8,233 Serangoon Avenue 3 Whole Unit For Rent, Serangoon,"$2,500"
689,9,226 Serangoon Avenue 4 Whole Unit For Rent, Serangoon,"$2,100"
690,0,3+1 Tiong Bahru new flats High floor/Fully aric..., Tiong Bahru,"$2,800"
691,1,Hillview regency condo for rent, Bukit Batok,"$3,400"
692,2,"275B Jurong West Street 25, whole flat, for rent", Jurong West,"$2,300"
693,3,Student Hostel whole unit rental at 17 Jurong W..., Boon Lay,"$1,400"
694,4,2+1 (3'ng') @ Blk 305 Clementi Ave 4, Clementi,"$1,800"
695,5,"1 Room Flat, 1 min From Braddell MRT", Toa Payoh,"$1,700"
696,6,2+1 (3'ng') @ Blk 177 Bt Batok West Ave 8, Bukit Batok,"$1,600"
697,7,461 Ang Mo Kio  Whole unit 3bedroom for rent, Ang Mo Kio,"$2,200"
698,8,AMK flat for rent !, Ang Mo Kio,"$2,800"
699,9,HDB 5 room flat for rent @ Toh Yi Drive, Bukit Timah,"$2,500"
700,0,"Pinevale 3bdrm,3baths,maid's plus storage,10 mi...", Tampines,"$2,900"
701,1,S$2500!!!; GREENERY PARKVIEW APT CONDO 2 bedroo..., Clementi,"$2,500"
702,2,3rm hdb whole for rent, Bedok,"$2,000"
703,3,New Renovated Studio Apartment @ Orchard Road, Orchard,"$1,900"
704,4,Novena MRT Partial Service Apartment for Rent N..., Balestier,"$1,820"
705,5,Comfortable living next to Sentosa, Pasir Panjang,"$6,300"
706,6,Newly Renovated Room at Reflections., Tanjong Pagar,"$5,400"
707,7,Comfortable living near to town! 689 sqfr, River Valley,"$3,100"
708,8,Comfortable living near to town! 850 SQFT, River Valley,"$3,400"
709,9,lovely place needs to takeover lease, Bishan,"$2,650"
710,0,Bedok Hdb for Rent, Bedok,"$2,300"
711,1,"Condo for rent, near major amenities", Balestier,"$2,300"
712,2,HDB for Rent @Lakeside, Jurong East,"$2,500"
713,3,Jurong West Street 93, Jurong West,"$2,300"
714,4,Whole unit HDB for rent at Balestier/Whampoa, Balestier,"$2,600"
715,5,next to sembawang shopping centre/free shuttle ..., Sembawang,"$2,200"
716,6,18c Holland Drive  3bedroom whole unit for rent, Holland Village,"$2,600"
717,7,One Studio Apartment with Swimming Pool and Gym, Bishan,"$1,900"
718,8,Whole unit for rent, Tampines,"$2,100"
719,9,Looking for Tenant Short term lease Mei- July 2018, Tampines,"$2,900"
720,0,HDB whole Unit for Rent, Boon Lay,"$2,500"
721,1,R66 apartment for rent !, Farrer Park,"$3,250"
722,2,"5 mins walk to Eunos MRT, Casa Sarina 3+1 rooms...", Paya Lebar,"$3,100"
723,3,No agent fee 1+1 bedroom for rent at Watertown, Punggol,"$2,400"
724,4,2BEDROOM+Hall bk 19 Teck whye($1.5K), Choa Chu Kang,"$1,500"
725,5,HDB Rental - 5I Blk 485C Choa Chu Kang Avenue 5..., Choa Chu Kang,"$2,000"
726,6,Corner-2bedroom+1hall-Bk 608 West Coast-$1.8K, Clementi,"$1,800"
727,7,"3 room Condo@ Tiong Bahru, PSB Academy", Tiong Bahru,"$2,900"
728,8,HDB 3 room@ Commonwealth Drive, Queenstown,"$1,500"
729,9,Jurong East Rental (Near Mrt), Jurong East,"$2,000"
730,0,Newly Renovated 4 Room Flat for rent, Punggol,"$2,050"
731,1,Near Tiong Bahru MRT Privacy half unit for rent., Tiong Bahru,"$1,800"
732,2,"Kovan Melody 3 Bedroom unit available at 3,000 ...", Hougang,"$3,000"
733,3,The MayFair Condo - 3 Bedder for Short Term Rental, Jurong East,"$3,000"
734,4,In front of Redhill MRT, Queenstown,"$4,200"
735,5,"Thomson Grand, 3 bedrooms, whole unit, for rent", Ang Mo Kio,"$3,350"
736,6,Haig Road-Whole Unit-5 min Paya Lebar MRT, Paya Lebar,"$2,150"
737,7,townhouse for rent unfurnished, Bedok,"$4,500"
738,8,Studio for rent, Sembawang,"$1,100"
739,9,3 bedrooms HDB for Rent. 1 Minute to Dakota MRT..., Kallang,"$2,800"
740,0,BLK 224 Jurong East 3+1 Whole Unit Rental, Jurong East,"$2,000"
741,1,Immediate Occupancy 601 Clementi West St. 1 Nea..., Clementi,"$2,400"
742,2,Treescape (1+1) with Balcony! Condo Unit For Re..., Joo Chiat,"$2,100"
743,3,Near Pasir Ris MRT whole Unit For Rent, Pasir Ris,"$3,000"
744,4,"4 room flat 103 sqm newly renovated, fully furn...", Pasir Ris,"$2,000"
745,5,1 Bedder + study room Space@Kovan, Serangoon,"$2,000"
746,6,The Trilinq, Clementi,"$3,700"
747,7,The Trilinq (Unit For Rent), Clementi,"$3,700"
748,8,Beautiful 2 bedroom at Oxford road/ farrer Park, Farrer Park,"$3,200"
749,9,Mountbatten MRT HDB 5 rooms Rent:, Kallang,"$3,000"
750,0,The Palette, Pasir Ris,"$2,800"
751,1,Euhabitat condo, Paya Lebar,"$2,000"
752,2,"GOOD Apartment, PERFECT Location", Ang Mo Kio,"$2,500"
753,3,Spacious Unit!  Convenient Location!  Near to M..., Macpherson,"$2,800"
754,4,WHOLE UNIT FOR RENT, Marsiling,"$1,800"
755,5,3+1 blk 606 jurong west st. 65 ( near pioneer M..., Jurong West,"$2,300"
756,6,Why stay in HDB unit? Be the First To Stay In B..., Pasir Ris,"$2,300"
757,7,Brand New Unit Waiting for You To Grab, Pasir Ris,"$2,300"
758,8,Fully Furnished Studio Apartment with Private Lift, Sengkang,"$1,600"
759,9,"2+1 @ 249 Kim Keat Link @ Toa Payoh, Fully Furn...", Toa Payoh,"$2,000"
760,0,Rental at Queenstown near Management Institute ..., Queenstown,"$2,800"
761,1,Rental at Selegie Road near Kaplan Higher Educa..., CBD,"$2,400"
762,2,Walking Distance to Ang Mo Kio Mrt, Ang Mo Kio,"$2,300"
763,3,nice new condo wait for u, Paya Lebar,"$2,600"
764,4,Novena MRT Partial Service Apartment for Rent N..., Novena,"$1,860"
765,5,Canberra Residences Condo for rent, Sembawang,"$2,600"
766,6,Fancy living near the sea with Great View, Bedok,"$4,800"
767,7,Riverwalk apartment-1 bed room, CBD,"$3,500"
768,8,Riverwalk Apartment One bed room/Studio for Rent, CBD,"$3,500"
769,9,"spacious, comfy and breezy 5 room HDB", Macpherson,"$2,800"
770,0,NO AGENT FEE - BEAUTIFUL 1 BEDROOM Walking dist..., Potong Pasir,"$2,200"
771,1,1924 square feet 2 level penthouse with terrace..., Paya Lebar,"$6,000"
772,2,NO AGENT FEE - BEAUTIFUL 2 BEDROOM IN KALLANG/L..., Lavender,"$4,000"
773,3,NO AGENT FEE - BEAUTIFUL 2 BEDROOM Walking dist..., Bukit Timah,"$2,200"
774,4,NO AGENT FEE - FOR LEASE - 3 Bedroom condo in h..., Katong,"$6,000"
775,5,NO AGENT FEE - BEAUTIFUL 2 BEDROOM IN BUGIS ARE..., Bugis,"$3,300"
776,6,NO COMMISSION FOR TENANT - For Lease: Beautiful..., Joo Chiat,"$2,600"
777,7,Rental at Clarke Quay near Nanyang Institute of..., River Valley,"$3,500"
778,8,Rental at Bugis near Nanyang Academy of Fine Ar..., Bugis,"$2,200"
779,9,Rental at Tanjong Pagar near Marketing Institut..., Tanjong Pagar,"$2,900"
780,0,La Brisa studio  50 Lorong 28 Geylang, Geylang,"$1,900"
781,1,COMMONWEALTH TOWER - 1 BR - LANDSCAPE POOL VIEW, Queenstown,"$2,500"
782,2,2+1 Caspian condo at Lakeside MRT!!, Jurong West,"$2,900"
783,3,Direct Owner Rental.  No Agent Fee, Choa Chu Kang,"$2,000"
784,4,Whole unit for rent at CCK (no agent fee), Choa Chu Kang,"$2,000"
785,5,Centrally located with million dollar seaview!, CBD,"$4,800"
786,6,Furnished Whole unit at Bukit Panjang - All Rac..., Bukit Panjang,"$1,800"
787,7,"blk113 Jurong east st 13 , HDB 4-room flat for ...", Jurong East,"$2,200"
788,8,One Bedroom Apartment Near Aljunied MRT For Rent, Geylang,"$1,800"
789,9,Spacious HDB 5-Room Near Woodlands MRT For Rent, Woodlands,"$2,300"
790,0,Nearby mustafa little india whole unit (2+1) fo..., Little India,"$2,300"
791,1,Cosy and Conveniently located HDB whole unit 3+..., Pasir Ris,"$2,600"
792,2,ALBA 4bedroom 2303sqft mins walk to Orchard Roa..., Orchard,"$9,999"
793,3,"2+1 @ 249 Kim Keat Link @ Toa Payoh, Fully Furn...", Toa Payoh,"$2,000"
794,4,"1 BEDROOM CONDO FOR RENT - EUNOS, SINGAPORE", Joo Chiat,"$1,700"
795,5,EON SHENTON - 2BR - GREAT CITY VIEW, Tanjong Pagar,"$3,500"
796,6,Renovated and Well-Maintained Maisonette in Buk..., Bukit Batok,"$2,800"
797,7,NEW HOUSE @ Blk 812c Choa Chu Kang - $1500 (2+1), Choa Chu Kang,"$1,500"
798,8,Studio in shophouse building near Lavender / Bu..., Lavender,"$1,280"
799,9,213 Marine Parade Road @ Marine Parade Central ..., Joo Chiat,"$2,100"
800,0,Brentwood Villas 4+study+maids 2300sqft, Orchard,"$9,800"
801,1,Whole Unit Condo For Rent Near City- NO agent fees, Paya Lebar,"$3,200"
802,2,Whole unit rent near Jurong East, Jurong East,"$2,300"
803,3,1 Bedroom Studio Condo at Jurong East & Canadia..., Jurong East,"$1,950"
804,4,# Nice Renovated HDB Mansionette For Rent #, Tampines,"$2,900"
805,5,19 Mackenzie Regency Studio, Little India,"$2,650"
806,6,The Spinnaker 3br, Newton,"$4,000"
807,7,Bukit batok house for rent, Bukit Batok,"$2,200"
808,8,Beautiful room for rent with all amenties, Lavender,"$1,050"
809,9,Outside Upper Changi MRT DT34, Simei,"$2,300"
810,0,Calypso (2+2) with Balcony! Very Spacious Condo..., Bedok,"$2,300"
811,1,Brand new Sims Urban Oasis one-bedder condo (no..., Geylang,"$2,400"
812,2,Block 26 Chai Chee Road, Bedok,"$2,800"
813,3,Rental at Upper Bukit Timah, Bukit Timah,"$2,500"
814,4,3 Room and 4 Room@Clementi, Clementi,"$2,700"
815,5,"Whole Unit, The Centris, 2-2 Bedroom", Jurong West,"$3,100"
816,6,"Whol unit, The Centris, 2-2 bedroom", Jurong West,"$3,100"
817,7,The Cornwall beside Holland Village 2br + store, Holland Village,"$4,900"
818,8,Townhouse @ Villa Delle Rose 3Br+Family Hall+Ma..., Holland Village,"$8,800"
819,9,2+1+1 whole unit @Blk 20 telok blangah crescent..., Tiong Bahru,"$2,000"
820,0,2+1 Rent Blk73 Geylang Bahru, Geylang,"$1,900"
821,1,21 Ghim Moh  Near Buona Vista MRT 2room + 1 Uti..., Buona Vista,"$1,700"
822,2,Dover Parkview condo 2bedroom whole unit for rent, Buona Vista,"$3,200"
823,3,3+1 House Walking to Ang Mo Kio MRT Furnished w..., Ang Mo Kio,"$1,800"
824,4,The Vision Nice Sea View 3bedroom fully furnished, Pasir Panjang,"$5,300"
825,5,Fully furnished 2 bedroom apartment at Kensingt..., Serangoon,"$2,200"
826,6,Woodlands whole unit 302, Woodlands,"$3,000"
827,7,Blk 652 - Jumbo flat for rent, Yishun,"$2,800"
828,8,Blk 123 Yishun for rent (Whole unit), Yishun,"$2,200"
829,9,Yishun flat for rent - whole unit Blk 233, Yishun,"$2,500"
830,0,Whole Unit @ Blk 390 Bukit Batok for Rent, Bukit Batok,"$2,500"
831,1,Whole Unit @ Blk 331 Ang Mo Kio for Rent, Ang Mo Kio,"$1,900"
832,2,Sunglad condo 2+ study Mins Walk To Serangoon mrt, Serangoon,"$3,200"
833,3,1 Bedroom Entire Unit furnished ac Clementi mrt, Clementi,"$1,800"
834,4,Blk 606 Choa Chu Kang EA mins walk to Yew Tee nrt, Choa Chu Kang,"$2,100"
835,5,2bedroom +1hall bk 28B Dover Crescent ($1.8K), Buona Vista,"$1,800"
836,6,Woodlands mrt 4 bedroom furnished ac corner hig..., Woodlands,"$2,400"
837,7,4bdrm rent at Dahlia Park Condo, Tampines,"$3,000"
838,8,Fully Furnished 1 Br Duplex Unit! Ideal for sin..., Geylang,"$1,950"
839,9,Riverplace 4br+U 2067sqft Nice, River Valley,"$7,300"
840,0,For rent!!  Guilin View condominium, Bukit Batok,"$2,150"
841,1,Botanic Garden 1 Bedroom Condo, Bukit Timah,"$2,300"
842,2,For Rent ! 60 Teban Gardens Road, Jurong East,"$2,200"
843,3,Yishun Whole unit or room for rent, Yishun,"$1,700"
844,4,3 bedroom@jurong west, Jurong West,"$2,200"
845,5,4 bedroom @ Punggol, Punggol,"$2,200"
846,6,3 bedroom apartment@AMK, Ang Mo Kio,"$2,400"
847,7,3 bedder HDB@Woodlands, Woodlands,"$2,200"
848,8,Rentals 2+1 whole unit yishun blk 172, Yishun,"$1,500"
849,9,High floor 1br near orchard MRT OUE Twin Peaks, Orchard,"$3,500"
850,0,Fruition (2+2) Condo Unit For Rent * NO AGENT FEE!, Joo Chiat,"$3,000"
851,1,$1400 •• Near Queenstown Mrt - 1+1 Hdb Whole UN..., Queenstown,"$1,400"
852,2,whole unit approved by owner no commission from..., Tanjong Pagar,"$2,600"
853,3,For Rent  - 2+1 @ $1600 / Blk 503 Ang mo kio  /..., Ang Mo Kio,"$1,600"
854,4,Woodlands mrt 4bedder high floor corner, Woodlands,"$2,400"
855,5,Novena Partial Service Apartment for Rent_ No A..., Novena,"$1,550"
856,6,Near MRT Station / NEX Shopping Centre - Whole ..., Serangoon,"$2,000"
857,7,District 28 Sunrise Villa 3 Storey Terrace 5 Be..., Ang Mo Kio,"$5,000"
858,8,HDB Rental - 5I Blk 176 Ang Mo Kio Avenue 4 5-R..., Ang Mo Kio,"$2,100"
859,9,"2 min to Downtown line and Circle line, 2 min t...", Macpherson,"$1,800"
860,0,"D'leedon condo apt w 4 bedrooms, 2034 sqft, par...", Holland Village,"$7,300"
861,1,Outside Upper Changi MRT DT34, Simei,"$2,300"
862,2,1 min Bt Batok MRT @ Blk 624 Bukit Batok Centra..., Bukit Batok,"$2,300"
863,3,Very convenient location with a number of surro..., Hougang,"$2,500"
864,4,Very convenient location with a number of surro..., Hougang,"$2,500"
865,5,Fully furnished 4NG HDB apartment, Yishun,"$2,450"
866,6,Block 26 Chai Chee Road S(460026), Bedok,"$2,800"
867,7,2+1+1 unit for rental in Blk 13 Telok Blangah C..., Bukit Merah,"$1,850"
868,8,Specious apartment suitable for single or coupl..., Novena,"$2,700"
869,9,Blk 353 Choa Chu Kang Central, Choa Chu Kang,"$1,900"
870,0,Spottiswoode Residence for rent, Outram,"$3,700"
871,1,Yishun 2+1 blk393, Yishun,"$1,600"
872,2,"2+1 @ 249 Kim Keat Link @ Toa Payoh, Fully Furn...", Toa Payoh,"$2,000"
873,3,Brand New Studio Condo near MRT and vibrant nei..., Tiong Bahru,"$3,500"
874,4,No Agt Fees - Near Tampines Mrt / $700 / Master..., Tampines,$700
875,5,Decent condomidium (whole rent), Bukit Timah,"$2,300"
876,6,Whole condo unit near Pasir Panjang MRT for rent, Pasir Panjang,"$3,600"
877,7,SUPER HOT DEAL !!!  1 Bedroom Condo - Short wal..., Queenstown,"$2,800"
878,8,4 bedroom at Woodlands mrt high floor corner, Woodlands,"$2,400"
879,9,Yishun rental blk172 whole unit, Yishun,"$1,500"
880,0,4 Bedroom Penthouse / $6500... mins MRT / Call ..., Serangoon,"$6,500"
881,1,3 Bedroom Penthouse / $4200...min MRT / Call 85..., Serangoon,"$4,200"
882,2,2 Bedroom/ 1000 Sqft/ $2500...min Walk to MRT/ ..., Serangoon,"$2,500"
883,3,1 Bedroom Penthouse / $1700 / Call 8522..., Serangoon,"$1,700"
884,4,2 Bedroom/ 861 Sqft/ Nice Pool View/ Call 8522..., Yishun,"$2,100"
885,5,2+1 Blk 97 Aljunied Crescent for rent, Paya Lebar,"$1,800"
886,6,2+1 Blk 108 Bedok Reservoirs for rent, Bedok,"$1,900"
887,7,Full Furnish / 4 bedrooms + Maid room / High Fl..., Choa Chu Kang,"$3,000"
888,8,Full Furnish / 4 bedrooms + Maid room / High Fl..., Choa Chu Kang,"$3,200"
889,9,Very convenient location with a number of surro..., Hougang,"$2,500"
890,0,"2+1 @ 249 Kim Keat Link @ Toa Payoh, Fully Furn...", Toa Payoh,"$2,000"
891,1,Dover Parkview Condo   Spacious 2BR for Rent, Buona Vista,"$3,100"
892,2,23 Dover Crescent 4bedroom  -Near Buona vista M..., Buona Vista,"$2,600"
893,3,5 Dover Crescent  * Whole Unit for rent, Queenstown,"$2,000"
894,4,BLK 170 STIRLING RD FOR RENT!, Buona Vista,"$2,100"
895,5,Le crescendo, Paya Lebar,"$2,700"
896,6,Blk 110 Yishun / 3 Bedroom Corner Unit / Newly ..., Yishun,"$2,100"
897,7,Blk 110 Yishun / Corner Unit / 3 Bedrooom / New..., Yishun,"$2,100"
898,8,Tampines Mrt! 3+1 @ Blk 401 Tampines For Rent, Tampines,"$2,200"
899,9,Nicely Renovated 3+1 @ Blk 471 Segar Rd For Rent, Bukit Panjang,"$1,900"
900,0,"Botanic Loft with terrace,garden & outdoor dini...", Paya Lebar,"$3,500"
901,1,Beautifully Renovated Ground Floor Unit Tel 936..., Hougang,"$4,000"
902,2,Unit for RENT AT Blk 33 Tanglin Halt Road., Queenstown,"$1,700"
903,3,"Large 2 beds At Spottiswoode Park , High floor ...", CBD,"$2,800"
904,4,EA 3bedroom entire mins walk to Yew Tee mrt, Choa Chu Kang,"$2,100"
905,5,Nearest clementi mrt 1bedroom entire for rent n..., Clementi,"$1,800"
906,6,Woodlands mrt 4 bedder entire immed move in no ..., Woodlands,"$2,400"
907,7,Parc Olympia (2+1) Condo For Rent* NO AGENT FEE..., Pasir Ris,"$2,000"
908,8,Cozy 1+1 @ Breezy Mansions @ Kovan MRT, Serangoon,"$2,100"
909,9,simple and relax, Bukit Batok,"$1,800"
910,0,**NEW modern condo for rent in Tiong Bahru**, Tiong Bahru,"$3,700"
911,1,Hi al are welcome, Chinatown,"$2,000"
912,2,Residence at Somme for rental, Farrer Park,"$2,650"
913,3,"2+1 @ 249 Kim Keat Link @ Toa Payoh, Fully Furn...", Toa Payoh,"$2,000"
914,4,"Cozy 1+1 @ Breezy Mansions @ Kovan MRT, Fully F...", Serangoon,"$2,100"
915,5,Whole unit condo for rent in a Somerset area, Orchard,"$5,500"
916,6,Near Clementi MRT !! 2+1 @ $1600... Bed 2 Bath ..., Clementi,"$1,600"
917,7,"Penthouse Paradise with 3 rooms, terrace, garde...", CBD,"$6,000"
918,8,"Penthouse Tropicana with 2 rooms, living & dini...", Kallang,"$3,500"
919,9,Whole flat rental at Commonwealth MRT, Queenstown,"$1,900"
920,0,4-room Hdb flat for rent, Sengkang,"$1,950"
921,1,Newly renovated studio apartment, Tampines,"$1,550"
922,2,Cosy studio, Tampines,"$1,800"
923,3,Woodlands Admiralty One Bedroom Apartment with ..., Woodlands,"$1,880"
924,4,Designer Deco Single Bedroom For Single Female ..., Sengkang,$750
925,5,Whole Unit - Telok Blangah Cres, Tiong Bahru,"$2,700"
926,6,Whole unit rent, Jurong West,"$2,000"
927,7,3 bedder Jurong East Parc Oasis, Jurong East,"$3,000"
928,8,"D'leedon condo apt w 4 bedrooms, 2034 sqft, par...", Bukit Timah,"$7,300"
929,9,"**CONDO for Rent in Orchard, next to Dhoby Ghau...", Orchard,"$4,000"
930,0,"Cozy 1+1 @ Breezy Mansions @ Kovan MRT, Fully F...", Serangoon,"$2,100"
931,1,Near Telok Blangah MRT - 2+1 HDB WHOLE UNIT FOR..., Bukit Merah,"$1,900"
932,2,Whole unit for rent at Jurong East Street 13 2300, Jurong East,"$2,300"
933,3,Whole Unit 3+1 Blk 413 Sembawang Drive, Sembawang,"$1,900"
934,4,Cosy 1 Bedroom Full Furnished High Floor Apartm..., Simei,"$2,200"
935,5,2+1 bedder Condo - Caspian @ Lakeside Mrt, Jurong West,"$2,900"
936,6,For Rent Tiong Bahru Whole Unit, Tiong Bahru,"$2,800"
937,7,"Sparkling Clean , Fully Furnished 2BR Home with...", Tampines,"$2,700"
938,8,Studio Apartment For Rent / 28 Lor 28 Melosa, Geylang,"$1,900"
939,9,Near Woodlands MRT 3 Bedrooms Whole House for R..., Woodlands,"$1,800"
940,0,7 mins walk to Commonwealth Mrt, Queenstown,"$1,850"
941,1,Sunglade condo 2+ study furnished ac mins walk ..., Serangoon,"$3,200"
942,2,Mins walk to Yew Tee mrt EA 3+1 bedroom entire, Choa Chu Kang,"$2,100"
943,3,Aston Mansion 3bedder with maids room furnished..., Paya Lebar,"$3,000"
944,4,Woodlands mrt 4 bedder entire high floor corner, Woodlands,"$2,400"
945,5,1 bedder entire furnished ac facing Reservior view, Jurong East,"$1,800"
946,6,Tranquil environment, Serangoon,"$2,800"
947,7,Geylang Condo for Rent, Geylang,"$2,200"
948,8,Cozy HDB flat for rental sat Bukit Panjang..., Bukit Panjang,"$2,100"
949,9,"2+1 @ 249 Kim Keat Link @ Toa Payoh, Fully Furn...", Toa Payoh,"$2,000"
950,0,Melville Park Condo-$2.7K Neg -All races, Simei,"$2,700"
951,1,Studio condo to rent, Sengkang,"$1,650"
952,2,2-Bedroom Fully Furnished Unit for Lease at The..., Buona Vista,"$5,300"
953,3,"All Races, All Countries, walking distance to MRT", Clementi,"$1,900"
954,4,3+1whole unit@blk 91 tanglin halt rd( near comm..., Queenstown,"$3,000"
955,5,Rental whole unit, Woodlands,"$2,200"
956,6,1 bedroom studio - The Sail @ Marina Bay - $2900, CBD,"$2,900"
957,7,Cozy Studio in Woodlands, Woodlands,"$1,400"
958,8,7 Ghim Moh Road (5-room Flat), Buona Vista,"$2,650"
959,9,Near Lakeside MRT - 2+1 @ Blk 208 Boon Lay / 2 ..., Boon Lay,"$1,600"
960,0,Whole Apartment (Hoa Nam Building) for RENT - w..., Lavender,"$1,800"
961,1,2bedroom+1hall+ Utility Rm-Bk 20 T.Blangah($2K), Bukit Merah,"$2,000"
962,2,La Fiesta Condo rental 1 bed room, Sengkang,"$2,000"
963,3,Commonwealth Mrt!! 1+1 @ Blk 81 Commonwealth Cl..., Queenstown,"$1,400"
964,4,2+1 (3'ng') @ Blk 324 Bt Batok St 33, Bukit Batok,"$1,800"
965,5,2+1 (3'ng') @ Blk 141 Jalan Bukit Merah, Bukit Merah,"$1,900"
966,6,The Fulcrum (1+1) with balcony. Tastefully desi..., Katong,"$3,000"
967,7,"Moro Mansion,6minute to mrt,PayaLebar", Paya Lebar,"$1,500"
968,8,2bedroom +1hall Bk 170 Mei Ling(Queenstown Mrt ..., Queenstown,"$1,900"
969,9,BayShore Park Condo-2bedder-Jade Tower-$2.8KNeg, Bedok,"$2,800"
970,0,Affordable 2 story penthouse for rent!, Serangoon,"$2,600"
971,1,☘️Hedges Park Condo For Rent☘️ - Whole Unit, Changi,"$1,750"
972,2,V on Shenton 1 bedroom unit, CBD,"$4,100"
973,3,Renovated unit At Depot Road, Tiong Bahru,"$2,600"
974,4,474 ANG MO KIO AVE 10  10 minutes walk to AMK M..., Ang Mo Kio,"$1,700"
975,5,146 jalan Bukit Merah  2 Room whole unit for re..., Bukit Merah,"$2,200"
976,6,One bedroom Condo for rent in city center, Novena,"$2,100"
977,7,BLK 45T ANGLIN HALT QUEENSTOWN  NEAR COMMONWEAL..., Queenstown,"$2,000"
978,8,Blk 477 segar garden  3 bedRoom whole unit for ..., Bukit Panjang,"$1,800"
979,9,76 Bedok north  2 bedroom whole unit for rent, Bedok,"$1,600"
980,0,Up@ Robertson Quay Full Furnished for rent, CBD,"$5,600"
981,1,"2+1 @ 249 Kim Keat Link @ Toa Payoh, Fully Furn...", Toa Payoh,"$2,000"
982,2,"Cozy 1+1 @ Breezy Mansions @ Kovan MRT, Fully F...", Serangoon,"$2,100"
983,3,"3 mins tiong bahru mrt , 2 + 1 bedrooms , price...", Tiong Bahru,"$2,200"
984,4,141 Serangoon North, Serangoon,"$2,400"
985,5,1 Bedroom with attached Bathroom - Robertson Edge, CBD,"$1,650"
986,6,2bedroom+1hall Bk 702 West Coast($1.8K)All Races, Clementi,"$1,800"
987,7,Partial furnished, Bukit Panjang,"$2,100"
988,8,WHOLE FLAT 4A NEAR Chinese Garden MRT AT JURONG..., Jurong East,"$2,100"
989,9,The Hillier 2br, Bukit Timah,"$2,700"
990,0,Reservior view 1 bedroom entire for rent high f..., Jurong East,"$1,800"
991,1,Woodlands Mrt 4 bedder entire furnished ac high..., Woodlands,"$2,400"
992,2,Near Hougang MRT & Hougang MALL!! 3+1 ( 3 Bed 2..., Hougang,"$1,900"
993,3,[Owner/ No Agent Fee] Blk 244 Jurong East Stree..., Jurong East,"$1,900"
994,4,Near Boon Lay MRT/ Jurong Point - 3+1 Blk 693 J..., Boon Lay,"$2,200"
995,5,No Agent Fee! Beautiful 1-Bedder Whole Apartmen..., Serangoon,"$1,900"
996,6,Duchess Road 2 br Apartment, Bukit Timah,"$2,500"
997,7,BEDOK MRT •• Hdb For RENT - $1500... @ Blk 542 ..., Bedok,"$1,500"
998,8,resort living with golf course view, Yishun,"$2,300"
999,9,New Studio Condo fully furnished. Suitable for ..., Bukit Panjang,"$2,000"
1000,0,Cheapest two bedder walkup @ Orchard Rd, Orchard,"$3,000"
1001,1,Studio@Harbourlights - 2mins to Harbourfront mrt, CBD,"$2,000"
1002,2,Cheapest two bedder walkup @ Orchard Rd, Orchard,"$3,000"
1003,3,Studio - 5 mins from Tampines Mrt, Tampines,"$1,800"
1004,4,1 min Redhill Mrt !! 3 beds 2 baths, CBD,"$2,900"
1005,5,RIVIERA 38 Condominium in the City: 1 Bedroom U..., Potong Pasir,"$2,000"
1006,6,3 br condo @ Harbourfront Mrt, CBD,"$4,200"
1007,7,"2+1 @ 249 Kim Keat Link @ Toa Payoh, Fully Furn...", Toa Payoh,"$2,000"
1008,8,"Cozy 1+1 @ Breezy Mansions @ Kovan MRT, Fully F...", Serangoon,"$2,100"
1009,9,Aston Mansion 3+1 room entire furnished ac full..., Paya Lebar,"$3,000"
1010,0,Whole rent Bukit timah 2+2 ..., Bukit Timah,"$2,300"
1011,1,Upper bukit timah / Whole rent condo / 2+2 ..., Bukit Timah,"$2,300"
1012,2,2 Bedroom + Study Condo for Rent in Ris Grandeu..., Pasir Ris,"$2,400"
1013,3,No Agent Fees-Seletar area 2 storey colonial ho..., Seletar,"$3,000"
1014,4,Whole unit for rental in Yew Tee (4 bedrooms), Choa Chu Kang,"$2,000"
1015,5,"Depot Road, Alexandra, Bukit Merah 5 Room Flat ...", Bukit Merah,"$2,700"
1016,6,1+1 Studio Apartment S$2300_Dhoby Ghaut. MDIS/L..., Orchard,"$2,300"
1017,7,Convenient and accessible location, Hougang,"$2,500"
1018,8,★ Rare 1700sqft duplex 3 bedder near MRT & eate..., Bukit Batok,"$2,900"
1019,9,Bedok MRT: 36 Chai Chee 2+1, Bedok,"$1,600"
1020,0,Whole unit, Bishan,"$2,350"
1021,1,"Min to Orchard, 2 bedroom immediate renting", River Valley,"$3,500"
1022,2,Beautiful 2 BR unit next to Buangkok MRT, Hougang,"$2,300"
1023,3,Commonwealth Tower - Brand New, Queenstown,"$2,400"
1024,4,Whole unit at Boon Keng Road for rental, Serangoon,"$2,200"
1025,5,"Nice , cozy house. Good amenities.", Lavender,"$2,800"
1026,6,Whole unit in sengkang, Sengkang,"$2,000"
1027,7,Corner Penthouse with Great View and Amenties, River Valley,"$3,300"
1028,8,"2+1 @ 249 Kim Keat Link @ Toa Payoh, Fully Furn...", Toa Payoh,"$2,000"
1029,9,"Cozy 1+1 @ Breezy Mansions @ Kovan MRT, Fully F...", Serangoon,"$2,100"
1030,0,No agent fee!! 2+1+1@Near Paya lebar/East Coast, Paya Lebar,"$2,500"
1031,1,APPROVED HDB 4Bedrooms Executive Apartment At B..., Bukit Batok,"$2,800"
1032,2,5Rm HDB Flat near Queenstown MRT, Bukit Merah,"$2,650"
1033,3,Beautiful house with 2 aircon bedrooms for rent., Boon Lay,"$2,200"
1034,4,Resort living in the East, Siglap,"$4,800"
1035,5,"The Santorini condo,Looking to rent the studio ...", Tampines,"$1,650"
1036,6,• Hdb For RENT • 3 bedroom $2300 Near Kaki Buki..., Bedok,"$2,300"
1037,7,Near Lakeside Mrt - 2+1 / 2 Bedrm 2 Bath / $160..., Jurong West,"$1,600"
1038,8,Executive Apartment -  New coat of paint. Fully..., Choa Chu Kang,"$2,200"
1039,9,"Studio@Somerset MRT, include pub wifi, short/lo...", Orchard,"$1,800"
1040,0,Watertown Solo unit, Punggol,"$2,000"
1041,1,Bus to Harbour Front Mrt - 2+1 @ Blk 21 Telok b..., Bukit Merah,"$1,700"
1042,2,The Trilinq, Clementi,"$3,700"
1043,3,Resort Living in the East, Siglap,"$4,800"
1044,4,Beautiful condo for rent, Pasir Ris,"$2,700"
1045,5,Clean Spacious whole unit for Rental @ Hougang ..., Hougang,"$1,300"
1046,6,Ground floor lover, Pasir Panjang,"$3,500"
1047,7,1 Bedroom Unit in Exclusive district. Near Orch..., River Valley,"$3,500"
1048,8,No agent fee!! 2 bedder Condo@Potong Pasir, Potong Pasir,"$2,900"
1049,9,No Agent fee!! 2+1@Clementi, Clementi,"$1,999"
1050,0,"2+1 @ 249 Kim Keat Link @ Toa Payoh, Fully Furn...", Toa Payoh,"$1,900"
1051,1,"Cozy 1+1 @ Breezy Mansions @ Kovan MRT, Fully F...", Serangoon,"$2,100"
1052,2,$1500 ONLY!! WHOLE UNIT @ ADMIRALTY!!!, Woodlands,"$1,500"
1053,3,2+1 Unit Bk 32 Holland Close ($2000), Holland Village,"$2,000"
1054,4,107 bukit batok west ave 6 s650107, Bukit Batok,"$2,000"
1055,5,Rent an affordable studio!, Tampines,"$1,580"
1056,6,Beautiful Balcony Studio For Rent!, Tampines,"$1,680"
1057,7,Beautiful Cozy Studios for Rent!, Tampines,"$1,480"
1058,8,Near Town 3 Bedroom for Rent at 18 Telok Blanga..., Tiong Bahru,"$2,100"
1059,9,Cosy 3+1 (includes maid's room), Changi,"$3,100"
1060,0,Cheap 3 Room unit in Central!! Rare Opportunity!, Bukit Merah,"$1,600"
1061,1,East ★ New construction ★ Luxury Condominium ne..., Pasir Ris,"$4,300"
1062,2,Blk 216 Marsiling Lane Unit, Marsiling,"$1,800"
1063,3,Beechwood Grove Detached House for rent, Woodlands,"$9,999"
1064,4,Central Location/ Good landlord, Bishan,"$2,300"
1065,5,Cheap Rent But Nice House! 3+1 @ Blk 117 Yishun..., Yishun,"$1,700"
1066,6,3 rm hdb near mrt, Woodlands,"$1,800"
1067,7,"1 min Lavender Mrt !! Very High Floor , Unblock...", CBD,"$3,500"
1068,8,4 room 125 Bukit Merah View 5 mins to Tiong Bah..., Bukit Merah,"$2,800"
1069,9,2 bedroom with Utility room @ $1700!! Bus to To..., Toa Payoh,"$1,700"
1070,0,Beautiful and Cosy Studio, Tampines,"$1,650"
1071,1,Superb Location with unblock view!, Bedok,"$2,000"
1072,2,432 Ang Mo Kio Ave 10 -immediate whole unit, Ang Mo Kio,"$2,300"
1073,3,"Whole Unit , Bedok South 2 +1 In 4room flat (4i...", Bedok,"$1,900"
1074,4,"Condo Whole Unit @ The Tanamera, 3Room 1 Hall", Bedok,"$2,700"
1075,5,3+1 HDB For Rent @ Blk 752 Woodlands Circle, Woodlands,"$1,700"
1076,6,"Beautiful 1-Bedder Apartment For Rental @ $1,90...", Potong Pasir,"$1,900"
1077,7,"Beautiful 1-Bedder Apartment For Rental @ $1,90...", Hougang,"$1,900"
1078,8,"Beautiful 1-Bedder Apartment For Rental @ $1,90...", Bishan,"$1,900"
1079,9,Prestigious whole condo unit beside buona Vista..., Buona Vista,"$3,100"
1080,0,"2+1 @ 249 Kim Keat Link @ Toa Payoh, Fully Furn...", Toa Payoh,"$2,000"
1081,1,"Cozy 1+1 @ Breezy Mansions @ Kovan MRT, Fully F...", Serangoon,"$2,100"
1082,2,Cosy Penthouse 2BR Ensuite Fully Furnished For ..., Pasir Ris,"$2,800"
1083,3,"Opp Safra Mount Faber , Downstairs Market and F...", Bukit Merah,"$1,850"
1084,4,Beautiful 2-bedroom apartment for rent!, Katong,"$2,900"
1085,5,⭐️Central (Aljunied MRT / Geylang East) Stylish..., Geylang,"$2,900"
1086,6,Fully Furnished Compact 3bedder for Rent!!, Geylang,"$2,350"
1087,7,The Inflora 2 bedroom+Study for RENT!!!, Pasir Ris,"$2,200"
1088,8,mins walk to mkt and mrt!, Jurong West,"$1,999"
1089,9,Designer Studio at conservation shophouse near ..., Lavender,"$1,800"
1090,0,Moro mansion, Paya Lebar,"$2,000"
1091,1,22 Havelock - Rental - 2 Rooms, Bukit Merah,"$2,000"
1092,2,5 MINS TO DHOBY GHAUT MRT, Orchard,"$2,500"
1093,3,[Owner/ No Agent Fee] Jurong East ST 32 whole u..., Jurong East,"$2,100"
1094,4,Melville Park 2bedroom with 1 study room, Simei,"$2,650"
1095,5,Next to UBI MRT (BUS TO EUNOS) Blk 305 UBI AVE ..., Geylang,"$2,200"
1096,6,Fully-Furnished 1br condo unit at 9 Lor 26 Geyl..., Paya Lebar,"$1,570"
1097,7,Orchard Scotts 3bedroom + Utility room, Newton,"$8,500"
1098,8,Cosy Penthouse 2BR Ensuite Fully Furnished For ..., Pasir Ris,"$2,800"
1099,9,One bedroom Studio Near Farrer Park MRT/Bendenm..., Farrer Park,"$1,650"
1100,0,St George Road 3 bedroom HDB flat, Kallang,"$2,500"
1101,1,Bukit Panjang (武吉班让) Whole Unit for Rent (整套出租), Bukit Panjang,"$1,800"
1102,2,PRIME CENTRAL AREA - HOLLAND VILLAGE - FREE WIF..., Holland Village,"$1,900"
1103,3,No agent fee HDB Corner unit for rent at Bedok ..., Bedok,"$2,088"
1104,4,"SPACIOUS, PARTIALLY FURNISHED 3BR CONDO NEAR PO...", Potong Pasir,"$4,000"
1105,5,Newly renovated studio apartment, Changi,"$1,550"
1106,6,Blk 208 yishun ring road, Yishun,"$1,300"
1107,7,Blk 503 woodland, Woodlands,"$1,950"
1108,8,HDB 3-Bed Room for rent-77 Indus Road, Bukit Timah,"$1,900"
1109,9,One Bedder Penthouse with private swimming pool, Bukit Timah,"$3,300"
1110,0,3 Bedrooms condo, Joo Chiat,"$2,800"
1111,1,Opposite Tampines Hub/MRT/ amenities. Executive..., Tampines,"$2,800"
1112,2,"28 RC Suites, Rare 1 bedroom", Farrer Park,"$2,500"
1113,3,Highline Residence 4bedroom with Dual Key, Tiong Bahru,"$6,300"
1114,4,"D'leedon condo apt w 4 bedrooms, 2034 sqft, par...", Buona Vista,"$7,300"
1115,5,"Seletar Hills Estate walk up apt w 4 bedrooms, ...", Seletar,"$2,500"
1116,6,5 mins Serangoon MRT Sunshine Lodge 1 bedroom s..., Serangoon,"$1,650"
1117,7,near buona vista mrt blk 21 hdb flat w 2 rms & ..., Buona Vista,"$2,000"
1118,8,2 bedrooms condo, Farrer Park,"$4,000"
1119,9,Whole Unit For Rent, Woodlands,"$1,800"
1120,0,3+1 Jurong East Blk 286C Near MRT, Jurong East,"$2,400"
1121,1,LAVENDER MRT . HDB 3+1 . Very Near Mrt . $2650, Lavender,"$2,650"
1122,2,"Magnificent View, Fully And Newly Furnished, Hi...", Siglap,"$2,900"
1123,3,No agent fee Quiet facing with full furnish for..., Punggol,"$1,880"
1124,4,HOTEL STYLE STUDIO CONDO (FREE UTILITIES AND HI..., Balestier,"$2,000"
1125,5,"FOR RENT ~ Bedok Terrace , Near Tanah Merah MRT", Bedok,"$4,000"
1126,6,"Condo Whole Unit @ The Tanamera, 3Room 1 Hall", Bedok,"$2,700"
1127,7,"Whole Unit , Bedok South 2 +1 In 4room flat (4i...", Bedok,"$1,800"
1128,8,Watertown Condo for rent, Punggol,"$2,200"
1129,9,"Best Stack 2BR, Fully Furnished,<1km to Nanyang...", Bukit Timah,"$4,300"
1130,0,2+1 @ $1500 Jurong East ( HDB Whole Unit For Re..., Jurong East,"$1,500"
1131,1,New Listing! 4A HDB near Bukit Panjang Market &..., Bukit Panjang,"$2,000"
1132,2,Botanique Residence Condo for Rent, Serangoon,"$2,950"
1133,3,9 mins Walk to Admiralty Mrt - 2+1 @ 704 Woodla..., Woodlands,"$1,500"
1134,4,Woodlands 4bedder whole unit high floor corner, Woodlands,"$2,400"
1135,5,"Cabana Cluster house 4br+U, 3,122sf", Seletar,"$5,700"
1136,6,Vida Loft unit 1 bedroom 764sf near MRT, Orchard,"$4,600"
1137,7,"The Bayshore 5bedroom+Utility 4,090sf Nice Seav...", Bedok,"$9,999"
1138,8,4+1 Choa Chu Kang Blk 512 Near MRT 9820..., Choa Chu Kang,"$2,000"
1139,9,Near MRT..Beautiful Studio One bedroom Condo un..., Bedok,"$2,600"
1140,0,3 Bedder + Utility Room Just off Orchard Road, Orchard,"$6,500"
1141,1,Spacious 1 Bedder for quiet enjoyment, Novena,"$2,700"
1142,2,"Enjoy 2,013 sqft of living space of a Town Hous...", Novena,"$6,500"
1143,3,Spacious 2 Bedder Conservation Houses near Boon..., Lavender,"$4,800"
1144,4,1 Bedder + Utility LOFT just off Scotts Road ne..., Newton,"$3,800"
1145,5,3 Bedroom Condo East Side, Simei,"$2,600"
1146,6,Simei Mrt! Tampines Court 3+1 For Rent (Short T..., Tampines,"$2,500"
1147,7,Hugh Condo in D04 for rent, Bukit Merah,"$4,500"
1148,8,3+1 756 Yishun Street 72 (4 mins walk to MRT), Yishun,"$2,000"
1149,9,Owner's Agent: Near Tiong Bahru MRT - 2 Bedder ..., Tiong Bahru,"$4,000"
1150,0,Spacious 3 Bedder for quiet enjoyment Near Haw ..., Pasir Panjang,"$3,900"
1151,1,Spacious 3 Bedder + Utility Room near Pasir Pan..., Pasir Panjang,"$3,650"
1152,2,SPACIOUS RENOVATED 2 BEDDER CONDO for RENT, Katong,"$2,850"
1153,3,Spacious 1 Bedder for quiet enjoyment, Katong,"$2,800"
1154,4,1 Bedder SOHO minutes to Shopping Mall & Great ..., Katong,"$3,300"
1155,5,Spacious 3 Bedder + Utility Room near Yio Chu K..., Yishun,"$2,900"
1156,6,Spacious 1 Bedder for quiet enjoyment NEAR Orch..., Orchard,"$4,800"
1157,7,Spacious 1 Bedder for quiet enjoyment just off ..., Orchard,"$2,900"
1158,8,Are you kidding Me ? 1 Bedder LOFT living in Ce..., CBD,"$5,300"
1159,9,Spacious 3 Bedder + Utility Room near Marsling MRT, Woodlands,"$3,700"
1160,0,Entire unit in nice condo great location!, Bukit Timah,"$2,000"
1161,1,Clementi MRT..2+1 Blk 432, Clementi,"$1,800"
1162,2,District 11 Suites @ Surrey 2Bedder Condo Rental, Novena,"$3,500"
1163,3,Luxurious Penthouse in Orchard, Orchard,"$4,900"
1164,4,Banyan Condominium, Pasir Panjang,"$3,500"
1165,5,Amber Glades, Katong,"$3,600"
1166,6,Centro Residences, Bishan,"$4,400"
1167,7,The Clift, Tanjong Pagar,"$5,200"
1168,8,Fully Furnished 3 Bedroom Unit for Rent, Bukit Merah,"$2,800"
1169,9,Royal Palm Mansions, Pasir Panjang,"$3,500"
1170,0,Partially furnished 2Bedroom Condo in Central A..., Tanjong Pagar,"$5,500"
1171,1,Cozy unit - 5 min walk to/from Queenstown MRT (..., Queenstown,"$2,400"
1172,2,"2 Bedroom Flat, High Floor, City Fringe for Rent", Little India,"$2,350"
1173,3,401 Pandan Garden 3 bedder, Jurong East,"$2,500"
1174,4,3 Bedrooms condo unit for rental, Siglap,"$2,800"
1175,5,Bus to Khatib Mrt - 3+1 Hdb whole Unit for rent..., Yishun,"$1,750"
1176,6,"FOR RENT ~ Bedok Terrace , Near Tanah Merah MRT", Bedok,"$4,000"
1177,7,"Condo Whole Unit @ The Tanamera, 3Room 1 Hall", Bedok,"$2,700"
1178,8,"Whole Unit , Bedok South 2 +1 In 4room flat (4i...", Bedok,"$1,900"
1179,9,Immediate! Very Clean, Bedok,"$1,800"
1180,0,BLK 201E Tampines Street 23 NO AGENT FEE, Tampines,"$1,800"
1181,1,3 Bedrooms + Study. Very near MRT for RENT, Ang Mo Kio,"$3,200"
1182,2,Siglap And Bedok Eateries & Cafe Only Minutes A..., Siglap,"$3,400"
1183,3,Suites @is Guillemard, Katong,"$2,700"
1184,4,Cozy Studio near Lavender/Farrer Park MRT, Lavender,"$1,600"
1185,5,Beautiful and spacious 3BR apartment in Tiong B..., Tiong Bahru,"$4,100"
1186,6,Riverplace 4br+U 2067sqft Nice, Orchard,"$7,300"
1187,7,No agent fee move in immed Woodlands mrt, Woodlands,"$2,400"
1188,8,1 Bedroom Apartment for Rent near Dhoby Ghaut, Little India,"$2,550"
1189,9,2 BD room for rent @ Caspian Condo (Lakeside), Jurong West,"$2,600"
1190,0,2 Bedroom Loft Unit for Rent, Katong,"$3,100"
1191,1,8 mins to MRT Terrace available immediate, Siglap,"$2,400"
1192,2,8 mins to MRT Terrace available immediate, Siglap,"$2,400"
1193,3,Bukit Batok: 2 Bedrooms at Blk 234, Bukit Batok,"$1,900"
1194,4,Convenient located spacious 3 + 1, Bukit Panjang,"$2,200"
1195,5,Conveniently located spacious 1+1, River Valley,"$2,500"
1196,6,341 Clementi Ave 5, Clementi,"$2,000"
1197,7,Euhabitat (1+1) Studio Unit For Rent * NO AGENT..., Paya Lebar,"$2,200"
1198,8,Yishun blk721, Yishun,"$1,900"
1199,9,ARTHUR MANSION 3 storey penthouse 5br+U, Katong,"$9,000"
1200,0,"Whole Unit for rent Blk 676B, Jurong West Stree...", Jurong West,"$2,300"
1201,1,Whole Unit for rent Blk 268C Boon Lay Drive  3 ..., Boon Lay,"$2,300"
1202,2,"Whole Unit For Rent Jardin, Dunearn Road, Mid F...", Bukit Timah,"$4,150"
1203,3,Bus to Jurong East Mrt - 2+1 @ Blk 20 Teban Gar..., Jurong East,"$1,700"
1204,4,$1600 ONLY!!!  2 BEDROOM WHOLE UNIT @ BEDOK RES..., Bedok,"$1,600"
1205,5,"Condo Whole Unit @ The Tanamera, 3Room 1 Hall", Bedok,"$2,700"
1206,6,"FOR RENT ~ Bedok Terrace , Near Tanah Merah MRT", Bedok,"$4,000"
1207,7,4 Bedrooms Fully Furnished Unit For Lease, Choa Chu Kang,"$2,200"
1208,8,1BR Condo Novena/Balestier for Rent - Fantastic..., Balestier,"$2,200"
1209,9,blk 20 telok blangah crescent 2+1+1 whole unit, Tiong Bahru,"$2,000"
1210,0,"Studio@Harbourfront , include pub, wifi. No owner", Sentosa,"$1,400"
1211,1,HDB AT TOA PAYOH LORONG 8 for rent, Toa Payoh,"$2,100"
1212,2,Whole unit for rent 902 Jurong west  Whole unit..., Jurong West,"$2,100"
1213,3,YISHUN 4-ROOM HDB WHOLE UNIT FOR RENT .IMMEDIAT..., Yishun,"$1,800"
1214,4,near Buona Vista MRT Blk 21 Ghim Moh HDB flat w..., Buona Vista,"$2,000"
1215,5,"2 br @ Aquarius By The Park, pool view, opp Bedok", Bedok,"$2,450"
1216,6,blk 640 rowell road (Veerasamy) 1+1 Whole Unit ..., Farrer Park,"$1,800"
1217,7,Whole unit for rent 474 ANG MO KIO AVE 10  2 BE..., Ang Mo Kio,"$1,700"
1218,8,Whole Unit for rent 286C Toh Guan Road  EA Unit..., Jurong East,"$2,300"
1219,9,Whole Unit for rent 619 Bukit Panjang Ring Road..., Bukit Panjang,"$2,000"
1220,0,Renovated 2+1 @ Castle Green Condo - 6 mins wal..., Ang Mo Kio,"$2,600"
1221,1,Rare city fringe 3 bedrooms apartment available, Kallang,"$2,850"
1222,2,2 bedrooms apartment for rent @ Yishun, Yishun,"$1,700"
1223,3,3 bedrooms apartment for rent @ Choa chu kang, Choa Chu Kang,"$2,000"
1224,4,3 bedrooms apartment for rent @ Punggol, Punggol,"$2,000"
1225,5,3 bedrooms apartment for rent @ Hougang, Hougang,"$2,100"
1226,6,Whole unit to rent - walking distance to C'weal..., Queenstown,"$2,100"
1227,7,Bayshore Park 2bedroom with Balcony beside the ..., Bedok,"$2,450"
1228,8,Whole unit 3+1blk721, Yishun,"$1,900"
1229,9,SkySuites @ Anson CBD Condo 3 Months Lease, CBD,"$3,900"
1230,0,NO AGT FEE! CALL 9638... FOR 1BDRM CONDO @D'LEE..., CBD,"$3,400"
1231,1,NO AGT FEE! CALL 9638... FOR 3'I' @533 BUKIT BA..., Bukit Batok,"$1,500"
1232,2,Visioncrest 3 bedroom apt for rent !, Orchard,"$6,200"
1233,3,For Rent •• 2+1 @ $1500 Near Admiralty Mrt - Bl..., Woodlands,"$1,500"
1234,4,"Whole unit with 2 bedrooms, near LRT", Bukit Panjang,"$1,490"
1235,5,No agent fee Beautiful renovated with fully fur..., Newton,"$3,000"
1236,6,No agent fee North-South facing condo for rent ..., Punggol,"$2,200"
1237,7,Suites @ Guillemard, Katong,"$2,600"
1238,8,4 BEDROOM WHOLE UNIT @ $2100 ONLY!!!, Tampines,"$2,100"
1239,9,3-bedroom Condo for Rent @ Telok Kurau, Bedok,"$3,000"
1240,0,"Condo Whole Unit @ The Tanamera, 3Room 1 Hall", Bedok,"$2,700"
1241,1,"Whole Unit , Bedok South 2 +1 In 4room flat (4i...", Bedok,"$1,800"
1242,2,Queenstown MRT - 2+1 @ Blk 170 Stirling Road - ..., Queenstown,"$1,500"
1243,3,Lease take over- HDB Walk up Tiong Bahru, Tiong Bahru,"$2,700"
1244,4,5 mins walk to novena MRT, Novena,"$1,500"
1245,5,UNFURNISHED Spacious 3 bedder unit for RENT - R..., Tampines,"$2,000"
1246,6,Bishan Executive Masionette for Rent! Opposite ..., Bishan,"$3,500"
1247,7,430 Clementi FOR RENT!!! 2+1 HDB Unit Immediate..., Clementi,"$2,100"
1248,8,NO AGT FEE! CALL 9638... FOR 3BDRM CONDO @CASHE..., Bukit Panjang,"$2,200"
1249,9,NO AGT FEE! CALL 9638... FOR 3BDRM CONDO @HERIT..., Clementi,"$3,500"
1250,0,Just TOP V Shenton @ CBD, CBD,"$6,500"
1251,1,next to nex shopping mall, Serangoon,"$3,700"
1252,2,4 bedder entire immed move in no agent fee, Woodlands,"$2,200"
1253,3,Spacious 1087sqft / 101sqm great location whole..., Bukit Panjang,"$1,800"
1254,4,looking for tenant - Blk 241 Yishun, Yishun,"$1,700"
1255,5,renting out new condo, Balestier,"$2,250"
1256,6,whole unit total have 5 room and 1 office room, Bugis,"$3,500"
1257,7,Tranquil 1-bedder with unparalleled unblocked v..., Paya Lebar,"$2,200"
1258,8,Clementi 4 Room flat full Furnished, Clementi,"$2,600"
1259,9,"FOR RENT ~ Bedok Terrace , Near Tanah Merah MRT", Bedok,"$4,000"
1260,0,Just TOP V Shenton @ CBD, CBD,"$6,500"
1261,1,next to nex shopping mall, Serangoon,"$3,700"
1262,2,4 bedder entire immed move in no agent fee, Woodlands,"$2,200"
1263,3,Spacious 1087sqft / 101sqm great location whole..., Bukit Panjang,"$1,800"
1264,4,looking for tenant - Blk 241 Yishun, Yishun,"$1,700"
1265,5,renting out new condo, Balestier,"$2,250"
1266,6,whole unit total have 5 room and 1 office room, Bugis,"$3,500"
1267,7,Tranquil 1-bedder with unparalleled unblocked v..., Paya Lebar,"$2,200"
1268,8,Clementi 4 Room flat full Furnished, Clementi,"$2,600"
1269,9,"FOR RENT ~ Bedok Terrace , Near Tanah Merah MRT", Bedok,"$4,000"
